#
# There is insufficient memory for the Java Runtime Environment to continue.
# Native memory allocation (malloc) failed to allocate 10545624 bytes. Error detail: Chunk::new
# Possible reasons:
#   The system is out of physical RAM or swap space
#   This process is running with CompressedOops enabled, and the Java Heap may be blocking the growth of the native heap
# Possible solutions:
#   Reduce memory load on the system
#   Increase physical memory or swap space
#   Check if swap backing store is full
#   Decrease Java heap size (-Xmx/-Xms)
#   Decrease number of Java threads
#   Decrease Java thread stack sizes (-Xss)
#   Set larger code cache with -XX:ReservedCodeCacheSize=
#   JVM is running with Unscaled Compressed Oops mode in which the Java heap is
#     placed in the first 4GB address space. The Java Heap base address is the
#     maximum limit for the native heap growth. Please use -XX:HeapBaseMinAddress
#     to set the Java Heap base and to place the Java Heap above 4GB virtual address.
# This output file may be truncated or incomplete.
#
#  Out of Memory Error (arena.cpp:186), pid=9960, tid=18168
#
# JRE version: OpenJDK Runtime Environment (25.0.3) (build 25.0.3+-15898627-b508.16)
# Java VM: OpenJDK 64-Bit Server VM (25.0.3+-15898627-b508.16, mixed mode, tiered, compressed oops, compressed class ptrs, g1 gc, windows-amd64)
# No core dump will be written. Minidumps are not enabled by default on client versions of Windows
#

---------------  S U M M A R Y ------------

Command Line: --add-opens=java.base/java.lang=ALL-UNNAMED --add-opens=java.base/java.lang.invoke=ALL-UNNAMED --add-opens=java.base/java.util=ALL-UNNAMED --add-opens=java.prefs/java.util.prefs=ALL-UNNAMED --add-exports=jdk.compiler/com.sun.tools.javac.api=ALL-UNNAMED --add-exports=jdk.compiler/com.sun.tools.javac.util=ALL-UNNAMED --add-opens=java.base/java.nio.charset=ALL-UNNAMED --add-opens=java.base/java.net=ALL-UNNAMED --add-opens=java.base/java.util.concurrent=ALL-UNNAMED --add-opens=java.base/java.util.concurrent.atomic=ALL-UNNAMED --add-opens=java.xml/javax.xml.namespace=ALL-UNNAMED --add-opens=java.base/java.time=ALL-UNNAMED --enable-native-access=ALL-UNNAMED -XX:MaxMetaspaceSize=384m -Xmx1024m -Dfile.encoding=UTF-8 -Duser.country=ZA -Duser.language=en -Duser.variant -javaagent:C:\Users\oreag\.gradle\wrapper\dists\gradle-9.6.0-bin\42k10rwplmzkhuboz9kdazi7s\gradle-9.6.0\lib\agents\gradle-instrumentation-agent-9.6.0.jar org.gradle.launcher.daemon.bootstrap.GradleDaemon 9.6.0

Host: AMD Ryzen 3 3250U with Radeon Graphics         , 4 cores, 3G,  Windows 11 , 64 bit Build 26100 (10.0.26100.9168)
Time: Wed Sep 30 10:47:16 2026 South Africa Standard Time elapsed time: 363.510761 seconds (0d 0h 6m 3s)

---------------  T H R E A D  ---------------

Current thread (0x000001393f099380):  JavaThread "C2 CompilerThread0" daemon [_thread_in_native, id=18168, stack(0x0000000cfcd00000,0x0000000cfce00000) (1024K)]


Current CompileTask:
C2:363511 22480       4       org.jetbrains.kotlin.fir.deserialization.FirTypeDeserializer::rigidType (536 bytes)

Stack: [0x0000000cfcd00000,0x0000000cfce00000]
Native frames: (J=compiled Java code, j=interpreted, Vv=VM code, C=native code)
V  [jvm.dll+0x7bf039]  (no source info available)
V  [jvm.dll+0x78912d]  (no source info available)
V  [jvm.dll+0xa0e615]  (no source info available)
V  [jvm.dll+0xa10c94]  (no source info available)
V  [jvm.dll+0xa11393]  (no source info available)
V  [jvm.dll+0x30a116]  (no source info available)
V  [jvm.dll+0x10eda9]  (no source info available)
V  [jvm.dll+0x10f0d2]  (no source info available)
V  [jvm.dll+0x1a9b77]  (no source info available)
V  [jvm.dll+0x3bf612]  (no source info available)
V  [jvm.dll+0x7c48b7]  (no source info available)
V  [jvm.dll+0x2ce466]  (no source info available)
V  [jvm.dll+0x2cd641]  (no source info available)
V  [jvm.dll+0x24334a]  (no source info available)
V  [jvm.dll+0x2dd025]  (no source info available)
V  [jvm.dll+0x2db226]  (no source info available)
V  [jvm.dll+0x49c12e]  (no source info available)
V  [jvm.dll+0x9ad738]  (no source info available)
V  [jvm.dll+0x7bd585]  (no source info available)
C  [ucrtbase.dll+0x2cd30]  (no source info available)
C  [KERNEL32.DLL+0x2ccb7]  (no source info available)
C  [ntdll.dll+0xaad6c]  (no source info available)

Lock stack of current Java thread (top to bottom):


---------------  P R O C E S S  ---------------

Threads class SMR info:
_java_thread_list=0x0000013951f32b40, length=43, elements={
0x00000139291afb50, 0x000001393f058560, 0x000001393f093640, 0x000001393f094750,
0x000001393f05b4e0, 0x000001393f05c0a0, 0x000001393f079a10, 0x000001393f07a5d0,
0x000001393f099380, 0x000001393f0a7bf0, 0x000001393f51ae20, 0x00000139449cdad0,
0x0000013944f7f0b0, 0x0000013946578120, 0x00000139465437c0, 0x0000013946543f90,
0x0000013946542050, 0x0000013946549580, 0x0000013946547e10, 0x00000139477ddb90,
0x00000139477e21e0, 0x00000139477e1240, 0x00000139477e0a70, 0x00000139477e3950,
0x0000013949114580, 0x000001395180f620, 0x0000013961d0c850, 0x0000013961d0a910,
0x0000013961d0d020, 0x0000013961d0ff00, 0x0000013961d0dfc0, 0x0000013961d10ea0,
0x0000013961d0e790, 0x0000013961d11670, 0x000001393f305350, 0x000001393f307290,
0x000001393f3062f0, 0x000001393f306ac0, 0x000001393f307a60, 0x0000013947fb2060,
0x0000013947fb5710, 0x0000013947fb66b0, 0x0000013947fb6e80
}

Java Threads: ( => current thread )
  0x00000139291afb50 JavaThread "main"                              [_thread_blocked, id=23760, stack(0x0000000cfbe00000,0x0000000cfbf00000) (1024K)]
  0x000001393f058560 JavaThread "Common-Cleaner"             daemon [_thread_blocked, id=20404, stack(0x0000000cfc600000,0x0000000cfc700000) (1024K)]
  0x000001393f093640 JavaThread "Reference Handler"          daemon [_thread_blocked, id=4696, stack(0x0000000cfc700000,0x0000000cfc800000) (1024K)]
  0x000001393f094750 JavaThread "Finalizer"                  daemon [_thread_blocked, id=16808, stack(0x0000000cfc800000,0x0000000cfc900000) (1024K)]
  0x000001393f05b4e0 JavaThread "Signal Dispatcher"          daemon [_thread_blocked, id=14240, stack(0x0000000cfc900000,0x0000000cfca00000) (1024K)]
  0x000001393f05c0a0 JavaThread "Attach Listener"            daemon [_thread_blocked, id=15688, stack(0x0000000cfca00000,0x0000000cfcb00000) (1024K)]
  0x000001393f079a10 JavaThread "Service Thread"             daemon [_thread_blocked, id=21892, stack(0x0000000cfcb00000,0x0000000cfcc00000) (1024K)]
  0x000001393f07a5d0 JavaThread "Monitor Deflation Thread"   daemon [_thread_blocked, id=21812, stack(0x0000000cfcc00000,0x0000000cfcd00000) (1024K)]
=>0x000001393f099380 JavaThread "C2 CompilerThread0"         daemon [_thread_in_native, id=18168, stack(0x0000000cfcd00000,0x0000000cfce00000) (1024K)]
  0x000001393f0a7bf0 JavaThread "C1 CompilerThread0"         daemon [_thread_blocked, id=18692, stack(0x0000000cfce00000,0x0000000cfcf00000) (1024K)]
  0x000001393f51ae20 JavaThread "Notification Thread"        daemon [_thread_blocked, id=13164, stack(0x0000000cfcf00000,0x0000000cfd000000) (1024K)]
  0x00000139449cdad0 JavaThread "Daemon health stats"               [_thread_blocked, id=22936, stack(0x0000000cfd000000,0x0000000cfd100000) (1024K)]
  0x0000013944f7f0b0 JavaThread "Incoming local TCP Connector on port 50710"        [_thread_in_native, id=2184, stack(0x0000000cfd400000,0x0000000cfd500000) (1024K)]
  0x0000013946578120 JavaThread "Daemon periodic checks"            [_thread_blocked, id=22020, stack(0x0000000cfd500000,0x0000000cfd600000) (1024K)]
  0x00000139465437c0 JavaThread "Cache worker for journal cache (C:\Users\oreag\.gradle\caches\journal-1)"        [_thread_blocked, id=2060, stack(0x0000000cfdd00000,0x0000000cfde00000) (1024K)]
  0x0000013946543f90 JavaThread "File lock request listener"        [_thread_in_native, id=17660, stack(0x0000000cfde00000,0x0000000cfdf00000) (1024K)]
  0x0000013946542050 JavaThread "Cache worker for file hash cache (C:\Users\oreag\.gradle\caches\9.6.0\fileHashes)"        [_thread_blocked, id=3260, stack(0x0000000cfdf00000,0x0000000cfe000000) (1024K)]
  0x0000013946549580 JavaThread "File watcher server"        daemon [_thread_in_native, id=6504, stack(0x0000000cfe200000,0x0000000cfe300000) (1024K)]
  0x0000013946547e10 JavaThread "File watcher consumer"      daemon [_thread_blocked, id=21008, stack(0x0000000cfe300000,0x0000000cfe400000) (1024K)]
  0x00000139477ddb90 JavaThread "jar transforms"                    [_thread_blocked, id=10328, stack(0x0000000cfe400000,0x0000000cfe500000) (1024K)]
  0x00000139477e21e0 JavaThread "jar transforms Thread 2"           [_thread_blocked, id=21484, stack(0x0000000cfe500000,0x0000000cfe600000) (1024K)]
  0x00000139477e1240 JavaThread "jar transforms Thread 3"           [_thread_blocked, id=13096, stack(0x0000000cfe600000,0x0000000cfe700000) (1024K)]
  0x00000139477e0a70 JavaThread "jar transforms Thread 4"           [_thread_blocked, id=11160, stack(0x0000000cfe700000,0x0000000cfe800000) (1024K)]
  0x00000139477e3950 JavaThread "Cache worker for file content cache (C:\Users\oreag\.gradle\caches\9.6.0\fileContent)"        [_thread_blocked, id=3628, stack(0x0000000cfe800000,0x0000000cfe900000) (1024K)]
  0x0000013949114580 JavaThread "Memory manager"                    [_thread_blocked, id=7876, stack(0x0000000cfbb00000,0x0000000cfbc00000) (1024K)]
  0x000001395180f620 JavaThread "pool-3-thread-1"                   [_thread_blocked, id=23476, stack(0x0000000cfbc00000,0x0000000cfbd00000) (1024K)]
  0x0000013961d0c850 JavaThread "Daemon Thread 2"                   [_thread_blocked, id=16392, stack(0x0000000cfd700000,0x0000000cfd800000) (1024K)]
  0x0000013961d0a910 JavaThread "Daemon Thread 3"                   [_thread_blocked, id=22048, stack(0x0000000cfd800000,0x0000000cfd900000) (1024K)]
  0x0000013961d0d020 JavaThread "Handler for socket connection from /127.0.0.1:50710 to /127.0.0.1:52234"        [_thread_in_native, id=880, stack(0x0000000cfd900000,0x0000000cfda00000) (1024K)]
  0x0000013961d0ff00 JavaThread "Cancel handler"                    [_thread_blocked, id=15576, stack(0x0000000cfdb00000,0x0000000cfdc00000) (1024K)]
  0x0000013961d0dfc0 JavaThread "Daemon worker Thread 2"            [_thread_in_Java, id=12512, stack(0x0000000cfdc00000,0x0000000cfdd00000) (1024K)]
  0x0000013961d10ea0 JavaThread "Asynchronous log dispatcher for DefaultDaemonConnection: socket connection from /127.0.0.1:50710 to /127.0.0.1:52234"        [_thread_blocked, id=16840, stack(0x0000000cfe000000,0x0000000cfe100000) (1024K)]
  0x0000013961d0e790 JavaThread "Stdin handler"                     [_thread_blocked, id=14432, stack(0x0000000cfda00000,0x0000000cfdb00000) (1024K)]
  0x0000013961d11670 JavaThread "Daemon client event forwarder"        [_thread_blocked, id=10992, stack(0x0000000cfe100000,0x0000000cfe200000) (1024K)]
  0x000001393f305350 JavaThread "Cache worker for file hash cache (C:\Users\oreag\AndroidStudioProjects\SmartPantryManager\.gradle\9.6.0\fileHashes)"        [_thread_blocked, id=14696, stack(0x0000000cfe900000,0x0000000cfea00000) (1024K)]
  0x000001393f307290 JavaThread "Cache worker for Build Output Cleanup Cache (C:\Users\oreag\AndroidStudioProjects\SmartPantryManager\.gradle\buildOutputCleanup)"        [_thread_blocked, id=12456, stack(0x0000000cfea00000,0x0000000cfeb00000) (1024K)]
  0x000001393f3062f0 JavaThread "Cache worker for checksums cache (C:\Users\oreag\AndroidStudioProjects\SmartPantryManager\.gradle\9.6.0\checksums)"        [_thread_blocked, id=10996, stack(0x0000000cfeb00000,0x0000000cfec00000) (1024K)]
  0x000001393f306ac0 JavaThread "Cache worker for cache directory md-supplier (C:\Users\oreag\.gradle\caches\9.6.0\md-supplier)"        [_thread_blocked, id=15772, stack(0x0000000cfec00000,0x0000000cfed00000) (1024K)]
  0x000001393f307a60 JavaThread "Cache worker for cache directory md-rule (C:\Users\oreag\.gradle\caches\9.6.0\md-rule)"        [_thread_blocked, id=24412, stack(0x0000000cfed00000,0x0000000cfee00000) (1024K)]
  0x0000013947fb2060 JavaThread "Build operations"                  [_thread_blocked, id=10836, stack(0x0000000cfee00000,0x0000000cfef00000) (1024K)]
  0x0000013947fb5710 JavaThread "Build operations Thread 2"         [_thread_blocked, id=14360, stack(0x0000000cfef00000,0x0000000cff000000) (1024K)]
  0x0000013947fb66b0 JavaThread "Build operations Thread 3"         [_thread_blocked, id=23412, stack(0x0000000cff000000,0x0000000cff100000) (1024K)]
  0x0000013947fb6e80 JavaThread "Build operations Thread 4"         [_thread_blocked, id=10868, stack(0x0000000cff100000,0x0000000cff200000) (1024K)]
Total: 43

Other Threads:
  0x000001392925acc0 VMThread "VM Thread"                           [id=5672, stack(0x0000000cfc500000,0x0000000cfc600000) (1024K)]
  0x0000013929236b80 WatcherThread "VM Periodic Task Thread"        [id=5184, stack(0x0000000cfc400000,0x0000000cfc500000) (1024K)]
  0x00000139291ef3b0 WorkerThread "GC Thread#0"                     [id=9916, stack(0x0000000cfbf00000,0x0000000cfc000000) (1024K)]
  0x00000139443047b0 WorkerThread "GC Thread#1"                     [id=23964, stack(0x0000000cfd100000,0x0000000cfd200000) (1024K)]
  0x0000013944305eb0 WorkerThread "GC Thread#2"                     [id=5752, stack(0x0000000cfd200000,0x0000000cfd300000) (1024K)]
  0x0000013944749910 WorkerThread "GC Thread#3"                     [id=17700, stack(0x0000000cfd300000,0x0000000cfd400000) (1024K)]
  0x00000139291fc480 ConcurrentGCThread "G1 Main Marker"            [id=22532, stack(0x0000000cfc000000,0x0000000cfc100000) (1024K)]
  0x00000139291fd020 WorkerThread "G1 Conc#0"                       [id=15140, stack(0x0000000cfc100000,0x0000000cfc200000) (1024K)]
  0x0000013929226120 ConcurrentGCThread "G1 Refine#0"               [id=23332, stack(0x0000000cfc200000,0x0000000cfc300000) (1024K)]
  0x0000013929229a80 ConcurrentGCThread "G1 Service"                [id=1948, stack(0x0000000cfc300000,0x0000000cfc400000) (1024K)]
Total: 10

Threads with active compile tasks:
C2 CompilerThread0  363765 22480       4       org.jetbrains.kotlin.fir.deserialization.FirTypeDeserializer::rigidType (536 bytes)
Total: 1

VM state: not at safepoint (normal execution)

VM Mutex/Monitor currently owned by a thread: None

Heap address: 0x00000000c0000000, size: 1024 MB, Compressed Oops mode: 32-bit

CDS archive(s) not mapped
Compressed class space mapped at: 0x0000000065000000-0x0000000079000000, reserved size: 335544320
UseCompressedClassPointers 1, UseCompactObjectHeaders 0
Narrow klass pointer bits 32, Max shift 3
Narrow klass base: 0x0000000000000000, Narrow klass shift: 0
Encoding Range: [0x0000000000000000 - 0x0000000100000000), (4294967296 bytes)
Klass Range:    [0x0000000065000000 - 0x0000000079000000), (335544320 bytes)
Klass ID Range:  [1694498816 - 2030043129) (335544313)
No protection zone.

GC Precious Log:
 CardTable entry size: 512
 Card Set container configuration: InlinePtr #cards 5 size 8 Array Of Cards #cards 10 size 36 Howl #buckets 4 coarsen threshold 1843 Howl Bitmap #cards 512 size 80 coarsen threshold 460 Card regions per heap region 1 cards per card region 2048
 CPUs: 4 total, 4 available
 Memory: 3503M
 Large Page Support: Disabled
 NUMA Support: Disabled
 Compressed Oops: Enabled (32-bit)
 Heap Region Size: 1M
 Heap Min Capacity: 8M
 Heap Initial Capacity: 56M
 Heap Max Capacity: 1G
 Pre-touch: Disabled
 Parallel Workers: 4
 Concurrent Workers: 1
 Concurrent Refinement Workers: 4
 Periodic GC: Disabled

Heap:
 garbage-first heap   total reserved 1048576K, committed 362496K, used 245248K [0x00000000c0000000, 0x0000000100000000)
  region size 1024K, 6 young (6144K), 3 survivors (3072K)

Heap Regions: E=young(eden), S=young(survivor), O=old, HS=humongous(starts), HC=humongous(continues), CS=collection set, F=free, TAMS=top-at-mark-start, PB=parsable bottom
|   0|0x00000000c0000000, 0x00000000c0100000, 0x00000000c0100000|100%|HS|  |TAMS 0x00000000c0100000| PB 0x00000000c0000000| Complete |  0
|   1|0x00000000c0100000, 0x00000000c0200000, 0x00000000c0200000|100%|HC|  |TAMS 0x00000000c0200000| PB 0x00000000c0100000| Complete |  0
|   2|0x00000000c0200000, 0x00000000c0300000, 0x00000000c0300000|100%|HC|  |TAMS 0x00000000c0300000| PB 0x00000000c0200000| Complete |  0
|   3|0x00000000c0300000, 0x00000000c0400000, 0x00000000c0400000|100%|HC|  |TAMS 0x00000000c0400000| PB 0x00000000c0300000| Complete |  0
|   4|0x00000000c0400000, 0x00000000c0500000, 0x00000000c0500000|100%| O|  |TAMS 0x00000000c0500000| PB 0x00000000c0400000| Untracked |  0
|   5|0x00000000c0500000, 0x00000000c0600000, 0x00000000c0600000|100%| O|  |TAMS 0x00000000c0600000| PB 0x00000000c0500000| Untracked |  0
|   6|0x00000000c0600000, 0x00000000c0700000, 0x00000000c0700000|100%| O|  |TAMS 0x00000000c0700000| PB 0x00000000c0600000| Untracked |  0
|   7|0x00000000c0700000, 0x00000000c0800000, 0x00000000c0800000|100%| O|  |TAMS 0x00000000c0800000| PB 0x00000000c0700000| Untracked |  0
|   8|0x00000000c0800000, 0x00000000c0900000, 0x00000000c0900000|100%| O|  |TAMS 0x00000000c0900000| PB 0x00000000c0800000| Untracked |  0
|   9|0x00000000c0900000, 0x00000000c0a00000, 0x00000000c0a00000|100%| O|  |TAMS 0x00000000c0a00000| PB 0x00000000c0900000| Untracked |  0
|  10|0x00000000c0a00000, 0x00000000c0b00000, 0x00000000c0b00000|100%| O|  |TAMS 0x00000000c0b00000| PB 0x00000000c0a00000| Untracked |  0
|  11|0x00000000c0b00000, 0x00000000c0c00000, 0x00000000c0c00000|100%| O|  |TAMS 0x00000000c0c00000| PB 0x00000000c0b00000| Untracked |  0
|  12|0x00000000c0c00000, 0x00000000c0d00000, 0x00000000c0d00000|100%|HS|  |TAMS 0x00000000c0d00000| PB 0x00000000c0c00000| Complete |  0
|  13|0x00000000c0d00000, 0x00000000c0e00000, 0x00000000c0e00000|100%| O|  |TAMS 0x00000000c0e00000| PB 0x00000000c0d00000| Untracked |  0
|  14|0x00000000c0e00000, 0x00000000c0f00000, 0x00000000c0f00000|100%| O|  |TAMS 0x00000000c0f00000| PB 0x00000000c0e00000| Untracked |  0
|  15|0x00000000c0f00000, 0x00000000c1000000, 0x00000000c1000000|100%| O|  |TAMS 0x00000000c1000000| PB 0x00000000c0f00000| Untracked |  0
|  16|0x00000000c1000000, 0x00000000c1100000, 0x00000000c1100000|100%| O|  |TAMS 0x00000000c1100000| PB 0x00000000c1000000| Untracked |  0
|  17|0x00000000c1100000, 0x00000000c1200000, 0x00000000c1200000|100%| O|  |TAMS 0x00000000c1200000| PB 0x00000000c1100000| Untracked |  0
|  18|0x00000000c1200000, 0x00000000c1300000, 0x00000000c1300000|100%| O|  |TAMS 0x00000000c1300000| PB 0x00000000c1200000| Untracked |  0
|  19|0x00000000c1300000, 0x00000000c1400000, 0x00000000c1400000|100%| O|  |TAMS 0x00000000c1400000| PB 0x00000000c1300000| Untracked |  0
|  20|0x00000000c1400000, 0x00000000c1500000, 0x00000000c1500000|100%| O|  |TAMS 0x00000000c1500000| PB 0x00000000c1400000| Untracked |  0
|  21|0x00000000c1500000, 0x00000000c1600000, 0x00000000c1600000|100%| O|  |TAMS 0x00000000c1600000| PB 0x00000000c1500000| Untracked |  0
|  22|0x00000000c1600000, 0x00000000c1700000, 0x00000000c1700000|100%| O|  |TAMS 0x00000000c1700000| PB 0x00000000c1600000| Untracked |  0
|  23|0x00000000c1700000, 0x00000000c1800000, 0x00000000c1800000|100%| O|  |TAMS 0x00000000c1800000| PB 0x00000000c1700000| Untracked |  0
|  24|0x00000000c1800000, 0x00000000c1900000, 0x00000000c1900000|100%| O|  |TAMS 0x00000000c1900000| PB 0x00000000c1800000| Untracked |  0
|  25|0x00000000c1900000, 0x00000000c1a00000, 0x00000000c1a00000|100%| O|  |TAMS 0x00000000c1a00000| PB 0x00000000c1900000| Untracked |  0
|  26|0x00000000c1a00000, 0x00000000c1b00000, 0x00000000c1b00000|100%| O|  |TAMS 0x00000000c1b00000| PB 0x00000000c1a00000| Untracked |  0
|  27|0x00000000c1b00000, 0x00000000c1c00000, 0x00000000c1c00000|100%|HS|  |TAMS 0x00000000c1c00000| PB 0x00000000c1b00000| Complete |  0
|  28|0x00000000c1c00000, 0x00000000c1d00000, 0x00000000c1d00000|100%|HS|  |TAMS 0x00000000c1d00000| PB 0x00000000c1c00000| Complete |  0
|  29|0x00000000c1d00000, 0x00000000c1e00000, 0x00000000c1e00000|100%|HS|  |TAMS 0x00000000c1e00000| PB 0x00000000c1d00000| Complete |  0
|  30|0x00000000c1e00000, 0x00000000c1f00000, 0x00000000c1f00000|100%| O|  |TAMS 0x00000000c1f00000| PB 0x00000000c1e00000| Untracked |  0
|  31|0x00000000c1f00000, 0x00000000c2000000, 0x00000000c2000000|100%| O|  |TAMS 0x00000000c2000000| PB 0x00000000c1f00000| Untracked |  0
|  32|0x00000000c2000000, 0x00000000c2100000, 0x00000000c2100000|100%|HS|  |TAMS 0x00000000c2100000| PB 0x00000000c2000000| Complete |  0
|  33|0x00000000c2100000, 0x00000000c2200000, 0x00000000c2200000|100%|HC|  |TAMS 0x00000000c2200000| PB 0x00000000c2100000| Complete |  0
|  34|0x00000000c2200000, 0x00000000c2300000, 0x00000000c2300000|100%|HC|  |TAMS 0x00000000c2300000| PB 0x00000000c2200000| Complete |  0
|  35|0x00000000c2300000, 0x00000000c2400000, 0x00000000c2400000|100%|HC|  |TAMS 0x00000000c2400000| PB 0x00000000c2300000| Complete |  0
|  36|0x00000000c2400000, 0x00000000c2500000, 0x00000000c2500000|100%|HC|  |TAMS 0x00000000c2500000| PB 0x00000000c2400000| Complete |  0
|  37|0x00000000c2500000, 0x00000000c2600000, 0x00000000c2600000|100%|HC|  |TAMS 0x00000000c2600000| PB 0x00000000c2500000| Complete |  0
|  38|0x00000000c2600000, 0x00000000c2700000, 0x00000000c2700000|100%|HS|  |TAMS 0x00000000c2700000| PB 0x00000000c2600000| Complete |  0
|  39|0x00000000c2700000, 0x00000000c2800000, 0x00000000c2800000|100%| O|  |TAMS 0x00000000c2800000| PB 0x00000000c2700000| Untracked |  0
|  40|0x00000000c2800000, 0x00000000c2900000, 0x00000000c2900000|100%| O|  |TAMS 0x00000000c2900000| PB 0x00000000c2800000| Untracked |  0
|  41|0x00000000c2900000, 0x00000000c2a00000, 0x00000000c2a00000|100%| O|  |TAMS 0x00000000c2a00000| PB 0x00000000c2900000| Untracked |  0
|  42|0x00000000c2a00000, 0x00000000c2b00000, 0x00000000c2b00000|100%| O|  |TAMS 0x00000000c2b00000| PB 0x00000000c2a00000| Untracked |  0
|  43|0x00000000c2b00000, 0x00000000c2c00000, 0x00000000c2c00000|100%| O|  |TAMS 0x00000000c2c00000| PB 0x00000000c2b00000| Untracked |  0
|  44|0x00000000c2c00000, 0x00000000c2d00000, 0x00000000c2d00000|100%| O|  |TAMS 0x00000000c2d00000| PB 0x00000000c2c00000| Untracked |  0
|  45|0x00000000c2d00000, 0x00000000c2e00000, 0x00000000c2e00000|100%| O|  |TAMS 0x00000000c2e00000| PB 0x00000000c2d00000| Untracked |  0
|  46|0x00000000c2e00000, 0x00000000c2f00000, 0x00000000c2f00000|100%| O|  |TAMS 0x00000000c2f00000| PB 0x00000000c2e00000| Untracked |  0
|  47|0x00000000c2f00000, 0x00000000c3000000, 0x00000000c3000000|100%| O|  |TAMS 0x00000000c3000000| PB 0x00000000c2f00000| Untracked |  0
|  48|0x00000000c3000000, 0x00000000c3100000, 0x00000000c3100000|100%| O|  |TAMS 0x00000000c3100000| PB 0x00000000c3000000| Untracked |  0
|  49|0x00000000c3100000, 0x00000000c3200000, 0x00000000c3200000|100%| O|  |TAMS 0x00000000c3200000| PB 0x00000000c3100000| Untracked |  0
|  50|0x00000000c3200000, 0x00000000c3300000, 0x00000000c3300000|100%| O|  |TAMS 0x00000000c3300000| PB 0x00000000c3200000| Untracked |  0
|  51|0x00000000c3300000, 0x00000000c3400000, 0x00000000c3400000|100%| O|  |TAMS 0x00000000c3400000| PB 0x00000000c3300000| Untracked |  0
|  52|0x00000000c3400000, 0x00000000c3500000, 0x00000000c3500000|100%| O|  |TAMS 0x00000000c3500000| PB 0x00000000c3400000| Untracked |  0
|  53|0x00000000c3500000, 0x00000000c3600000, 0x00000000c3600000|100%| O|  |TAMS 0x00000000c3600000| PB 0x00000000c3500000| Untracked |  0
|  54|0x00000000c3600000, 0x00000000c3700000, 0x00000000c3700000|100%| O|  |TAMS 0x00000000c3700000| PB 0x00000000c3600000| Untracked |  0
|  55|0x00000000c3700000, 0x00000000c3800000, 0x00000000c3800000|100%| O|  |TAMS 0x00000000c3800000| PB 0x00000000c3700000| Untracked |  0
|  56|0x00000000c3800000, 0x00000000c3900000, 0x00000000c3900000|100%|HS|  |TAMS 0x00000000c3900000| PB 0x00000000c3800000| Complete |  0
|  57|0x00000000c3900000, 0x00000000c3a00000, 0x00000000c3a00000|100%|HC|  |TAMS 0x00000000c3a00000| PB 0x00000000c3900000| Complete |  0
|  58|0x00000000c3a00000, 0x00000000c3b00000, 0x00000000c3b00000|100%|HC|  |TAMS 0x00000000c3b00000| PB 0x00000000c3a00000| Complete |  0
|  59|0x00000000c3b00000, 0x00000000c3c00000, 0x00000000c3c00000|100%|HC|  |TAMS 0x00000000c3c00000| PB 0x00000000c3b00000| Complete |  0
|  60|0x00000000c3c00000, 0x00000000c3d00000, 0x00000000c3d00000|100%|HC|  |TAMS 0x00000000c3d00000| PB 0x00000000c3c00000| Complete |  0
|  61|0x00000000c3d00000, 0x00000000c3e00000, 0x00000000c3e00000|100%|HC|  |TAMS 0x00000000c3e00000| PB 0x00000000c3d00000| Complete |  0
|  62|0x00000000c3e00000, 0x00000000c3f00000, 0x00000000c3f00000|100%| O|  |TAMS 0x00000000c3f00000| PB 0x00000000c3e00000| Untracked |  0
|  63|0x00000000c3f00000, 0x00000000c4000000, 0x00000000c4000000|100%| O|  |TAMS 0x00000000c4000000| PB 0x00000000c3f00000| Untracked |  0
|  64|0x00000000c4000000, 0x00000000c4100000, 0x00000000c4100000|100%| O|  |TAMS 0x00000000c4100000| PB 0x00000000c4000000| Untracked |  0
|  65|0x00000000c4100000, 0x00000000c4200000, 0x00000000c4200000|100%| O|  |TAMS 0x00000000c4200000| PB 0x00000000c4100000| Untracked |  0
|  66|0x00000000c4200000, 0x00000000c4300000, 0x00000000c4300000|100%| O|  |TAMS 0x00000000c4300000| PB 0x00000000c4200000| Untracked |  0
|  67|0x00000000c4300000, 0x00000000c4400000, 0x00000000c4400000|100%| O|  |TAMS 0x00000000c4400000| PB 0x00000000c4300000| Untracked |  0
|  68|0x00000000c4400000, 0x00000000c4500000, 0x00000000c4500000|100%| O|  |TAMS 0x00000000c4500000| PB 0x00000000c4400000| Untracked |  0
|  69|0x00000000c4500000, 0x00000000c4600000, 0x00000000c4600000|100%| O|  |TAMS 0x00000000c4600000| PB 0x00000000c4500000| Untracked |  0
|  70|0x00000000c4600000, 0x00000000c4700000, 0x00000000c4700000|100%| O|  |TAMS 0x00000000c4700000| PB 0x00000000c4600000| Untracked |  0
|  71|0x00000000c4700000, 0x00000000c4800000, 0x00000000c4800000|100%| O|  |TAMS 0x00000000c4800000| PB 0x00000000c4700000| Untracked |  0
|  72|0x00000000c4800000, 0x00000000c4900000, 0x00000000c4900000|100%| O|  |TAMS 0x00000000c4900000| PB 0x00000000c4800000| Untracked |  0
|  73|0x00000000c4900000, 0x00000000c4a00000, 0x00000000c4a00000|100%| O|  |TAMS 0x00000000c4a00000| PB 0x00000000c4900000| Untracked |  0
|  74|0x00000000c4a00000, 0x00000000c4b00000, 0x00000000c4b00000|100%|HS|  |TAMS 0x00000000c4b00000| PB 0x00000000c4a00000| Complete |  0
|  75|0x00000000c4b00000, 0x00000000c4c00000, 0x00000000c4c00000|100%| O|  |TAMS 0x00000000c4c00000| PB 0x00000000c4b00000| Untracked |  0
|  76|0x00000000c4c00000, 0x00000000c4d00000, 0x00000000c4d00000|100%| O|  |TAMS 0x00000000c4d00000| PB 0x00000000c4c00000| Untracked |  0
|  77|0x00000000c4d00000, 0x00000000c4e00000, 0x00000000c4e00000|100%| O|  |TAMS 0x00000000c4e00000| PB 0x00000000c4d00000| Untracked |  0
|  78|0x00000000c4e00000, 0x00000000c4f00000, 0x00000000c4f00000|100%| O|  |TAMS 0x00000000c4f00000| PB 0x00000000c4e00000| Untracked |  0
|  79|0x00000000c4f00000, 0x00000000c5000000, 0x00000000c5000000|100%| O|  |TAMS 0x00000000c5000000| PB 0x00000000c4f00000| Untracked |  0
|  80|0x00000000c5000000, 0x00000000c5100000, 0x00000000c5100000|100%| O|  |TAMS 0x00000000c5100000| PB 0x00000000c5000000| Untracked |  0
|  81|0x00000000c5100000, 0x00000000c5200000, 0x00000000c5200000|100%| O|  |TAMS 0x00000000c5200000| PB 0x00000000c5100000| Untracked |  0
|  82|0x00000000c5200000, 0x00000000c5300000, 0x00000000c5300000|100%| O|  |TAMS 0x00000000c5300000| PB 0x00000000c5200000| Untracked |  0
|  83|0x00000000c5300000, 0x00000000c5400000, 0x00000000c5400000|100%| O|  |TAMS 0x00000000c5400000| PB 0x00000000c5300000| Untracked |  0
|  84|0x00000000c5400000, 0x00000000c5500000, 0x00000000c5500000|100%| O|  |TAMS 0x00000000c5500000| PB 0x00000000c5400000| Untracked |  0
|  85|0x00000000c5500000, 0x00000000c5600000, 0x00000000c5600000|100%| O|  |TAMS 0x00000000c5600000| PB 0x00000000c5500000| Untracked |  0
|  86|0x00000000c5600000, 0x00000000c5700000, 0x00000000c5700000|100%| O|  |TAMS 0x00000000c5700000| PB 0x00000000c5600000| Untracked |  0
|  87|0x00000000c5700000, 0x00000000c5800000, 0x00000000c5800000|100%| O|  |TAMS 0x00000000c5800000| PB 0x00000000c5700000| Untracked |  0
|  88|0x00000000c5800000, 0x00000000c5900000, 0x00000000c5900000|100%| O|  |TAMS 0x00000000c5900000| PB 0x00000000c5800000| Untracked |  0
|  89|0x00000000c5900000, 0x00000000c5a00000, 0x00000000c5a00000|100%| O|  |TAMS 0x00000000c5a00000| PB 0x00000000c5900000| Untracked |  0
|  90|0x00000000c5a00000, 0x00000000c5b00000, 0x00000000c5b00000|100%| O|  |TAMS 0x00000000c5b00000| PB 0x00000000c5a00000| Untracked |  0
|  91|0x00000000c5b00000, 0x00000000c5c00000, 0x00000000c5c00000|100%| O|  |TAMS 0x00000000c5c00000| PB 0x00000000c5b00000| Untracked |  0
|  92|0x00000000c5c00000, 0x00000000c5d00000, 0x00000000c5d00000|100%| O|  |TAMS 0x00000000c5d00000| PB 0x00000000c5c00000| Untracked |  0
|  93|0x00000000c5d00000, 0x00000000c5e00000, 0x00000000c5e00000|100%| O|  |TAMS 0x00000000c5e00000| PB 0x00000000c5d00000| Untracked |  0
|  94|0x00000000c5e00000, 0x00000000c5f00000, 0x00000000c5f00000|100%| O|  |TAMS 0x00000000c5f00000| PB 0x00000000c5e00000| Untracked |  0
|  95|0x00000000c5f00000, 0x00000000c6000000, 0x00000000c6000000|100%| O|  |TAMS 0x00000000c6000000| PB 0x00000000c5f00000| Untracked |  0
|  96|0x00000000c6000000, 0x00000000c6100000, 0x00000000c6100000|100%| O|  |TAMS 0x00000000c6100000| PB 0x00000000c6000000| Untracked |  0
|  97|0x00000000c6100000, 0x00000000c6200000, 0x00000000c6200000|100%| O|  |TAMS 0x00000000c6200000| PB 0x00000000c6100000| Untracked |  0
|  98|0x00000000c6200000, 0x00000000c6300000, 0x00000000c6300000|100%| O|  |TAMS 0x00000000c6300000| PB 0x00000000c6200000| Untracked |  0
|  99|0x00000000c6300000, 0x00000000c6400000, 0x00000000c6400000|100%| O|  |TAMS 0x00000000c6400000| PB 0x00000000c6300000| Untracked |  0
| 100|0x00000000c6400000, 0x00000000c6500000, 0x00000000c6500000|100%| O|  |TAMS 0x00000000c6500000| PB 0x00000000c6400000| Untracked |  0
| 101|0x00000000c6500000, 0x00000000c6600000, 0x00000000c6600000|100%| O|  |TAMS 0x00000000c6600000| PB 0x00000000c6500000| Untracked |  0
| 102|0x00000000c6600000, 0x00000000c6700000, 0x00000000c6700000|100%| O|  |TAMS 0x00000000c6700000| PB 0x00000000c6600000| Untracked |  0
| 103|0x00000000c6700000, 0x00000000c6800000, 0x00000000c6800000|100%| O|  |TAMS 0x00000000c6800000| PB 0x00000000c6700000| Untracked |  0
| 104|0x00000000c6800000, 0x00000000c6900000, 0x00000000c6900000|100%| O|  |TAMS 0x00000000c6900000| PB 0x00000000c6800000| Untracked |  0
| 105|0x00000000c6900000, 0x00000000c6a00000, 0x00000000c6a00000|100%| O|  |TAMS 0x00000000c6a00000| PB 0x00000000c6900000| Untracked |  0
| 106|0x00000000c6a00000, 0x00000000c6b00000, 0x00000000c6b00000|100%| O|  |TAMS 0x00000000c6b00000| PB 0x00000000c6a00000| Untracked |  0
| 107|0x00000000c6b00000, 0x00000000c6c00000, 0x00000000c6c00000|100%| O|  |TAMS 0x00000000c6c00000| PB 0x00000000c6b00000| Untracked |  0
| 108|0x00000000c6c00000, 0x00000000c6d00000, 0x00000000c6d00000|100%| O|  |TAMS 0x00000000c6d00000| PB 0x00000000c6c00000| Untracked |  0
| 109|0x00000000c6d00000, 0x00000000c6e00000, 0x00000000c6e00000|100%| O|  |TAMS 0x00000000c6e00000| PB 0x00000000c6d00000| Untracked |  0
| 110|0x00000000c6e00000, 0x00000000c6f00000, 0x00000000c6f00000|100%| O|  |TAMS 0x00000000c6f00000| PB 0x00000000c6e00000| Untracked |  0
| 111|0x00000000c6f00000, 0x00000000c7000000, 0x00000000c7000000|100%| O|  |TAMS 0x00000000c7000000| PB 0x00000000c6f00000| Untracked |  0
| 112|0x00000000c7000000, 0x00000000c7100000, 0x00000000c7100000|100%| O|  |TAMS 0x00000000c7100000| PB 0x00000000c7000000| Untracked |  0
| 113|0x00000000c7100000, 0x00000000c7200000, 0x00000000c7200000|100%| O|  |TAMS 0x00000000c7200000| PB 0x00000000c7100000| Untracked |  0
| 114|0x00000000c7200000, 0x00000000c7300000, 0x00000000c7300000|100%| O|  |TAMS 0x00000000c7300000| PB 0x00000000c7200000| Untracked |  0
| 115|0x00000000c7300000, 0x00000000c7400000, 0x00000000c7400000|100%| O|  |TAMS 0x00000000c7300000| PB 0x00000000c7300000| Untracked |  0
| 116|0x00000000c7400000, 0x00000000c7500000, 0x00000000c7500000|100%| O|  |TAMS 0x00000000c7500000| PB 0x00000000c7400000| Untracked |  0
| 117|0x00000000c7500000, 0x00000000c7600000, 0x00000000c7600000|100%| O|  |TAMS 0x00000000c7600000| PB 0x00000000c7500000| Untracked |  0
| 118|0x00000000c7600000, 0x00000000c7700000, 0x00000000c7700000|100%| O|  |TAMS 0x00000000c7700000| PB 0x00000000c7600000| Untracked |  0
| 119|0x00000000c7700000, 0x00000000c7800000, 0x00000000c7800000|100%| O|  |TAMS 0x00000000c7800000| PB 0x00000000c7700000| Untracked |  0
| 120|0x00000000c7800000, 0x00000000c7900000, 0x00000000c7900000|100%| O|  |TAMS 0x00000000c7900000| PB 0x00000000c7800000| Untracked |  0
| 121|0x00000000c7900000, 0x00000000c7a00000, 0x00000000c7a00000|100%| O|  |TAMS 0x00000000c7a00000| PB 0x00000000c7900000| Untracked |  0
| 122|0x00000000c7a00000, 0x00000000c7b00000, 0x00000000c7b00000|100%| O|  |TAMS 0x00000000c7a00000| PB 0x00000000c7a00000| Untracked |  0
| 123|0x00000000c7b00000, 0x00000000c7c00000, 0x00000000c7c00000|100%| O|  |TAMS 0x00000000c7c00000| PB 0x00000000c7b00000| Untracked |  0
| 124|0x00000000c7c00000, 0x00000000c7d00000, 0x00000000c7d00000|100%|HS|  |TAMS 0x00000000c7d00000| PB 0x00000000c7c00000| Complete |  0
| 125|0x00000000c7d00000, 0x00000000c7e00000, 0x00000000c7e00000|100%|HS|  |TAMS 0x00000000c7e00000| PB 0x00000000c7d00000| Complete |  0
| 126|0x00000000c7e00000, 0x00000000c7f00000, 0x00000000c7f00000|100%|HS|  |TAMS 0x00000000c7f00000| PB 0x00000000c7e00000| Complete |  0
| 127|0x00000000c7f00000, 0x00000000c8000000, 0x00000000c8000000|100%|HS|  |TAMS 0x00000000c8000000| PB 0x00000000c7f00000| Complete |  0
| 128|0x00000000c8000000, 0x00000000c8100000, 0x00000000c8100000|100%|HC|  |TAMS 0x00000000c8100000| PB 0x00000000c8000000| Complete |  0
| 129|0x00000000c8100000, 0x00000000c8200000, 0x00000000c8200000|100%|HS|  |TAMS 0x00000000c8200000| PB 0x00000000c8100000| Complete |  0
| 130|0x00000000c8200000, 0x00000000c8300000, 0x00000000c8300000|100%|HS|  |TAMS 0x00000000c8300000| PB 0x00000000c8200000| Complete |  0
| 131|0x00000000c8300000, 0x00000000c8400000, 0x00000000c8400000|100%|HS|  |TAMS 0x00000000c8400000| PB 0x00000000c8300000| Complete |  0
| 132|0x00000000c8400000, 0x00000000c8500000, 0x00000000c8500000|100%| O|  |TAMS 0x00000000c8500000| PB 0x00000000c8400000| Untracked |  0
| 133|0x00000000c8500000, 0x00000000c8600000, 0x00000000c8600000|100%| O|  |TAMS 0x00000000c8600000| PB 0x00000000c8500000| Untracked |  0
| 134|0x00000000c8600000, 0x00000000c8700000, 0x00000000c8700000|100%| O|  |TAMS 0x00000000c8700000| PB 0x00000000c8600000| Untracked |  0
| 135|0x00000000c8700000, 0x00000000c8800000, 0x00000000c8800000|100%| O|  |TAMS 0x00000000c8800000| PB 0x00000000c8700000| Untracked |  0
| 136|0x00000000c8800000, 0x00000000c8900000, 0x00000000c8900000|100%|HS|  |TAMS 0x00000000c8900000| PB 0x00000000c8800000| Complete |  0
| 137|0x00000000c8900000, 0x00000000c8a00000, 0x00000000c8a00000|100%|HS|  |TAMS 0x00000000c8a00000| PB 0x00000000c8900000| Complete |  0
| 138|0x00000000c8a00000, 0x00000000c8b00000, 0x00000000c8b00000|100%| O|  |TAMS 0x00000000c8b00000| PB 0x00000000c8a00000| Untracked |  0
| 139|0x00000000c8b00000, 0x00000000c8c00000, 0x00000000c8c00000|100%| O|  |TAMS 0x00000000c8c00000| PB 0x00000000c8b00000| Untracked |  0
| 140|0x00000000c8c00000, 0x00000000c8d00000, 0x00000000c8d00000|100%| O|  |TAMS 0x00000000c8d00000| PB 0x00000000c8c00000| Untracked |  0
| 141|0x00000000c8d00000, 0x00000000c8e00000, 0x00000000c8e00000|100%| O|  |TAMS 0x00000000c8e00000| PB 0x00000000c8d00000| Untracked |  0
| 142|0x00000000c8e00000, 0x00000000c8f00000, 0x00000000c8f00000|100%| O|  |TAMS 0x00000000c8f00000| PB 0x00000000c8e00000| Untracked |  0
| 143|0x00000000c8f00000, 0x00000000c9000000, 0x00000000c9000000|100%| O|  |TAMS 0x00000000c9000000| PB 0x00000000c8f00000| Untracked |  0
| 144|0x00000000c9000000, 0x00000000c9100000, 0x00000000c9100000|100%| O|  |TAMS 0x00000000c9100000| PB 0x00000000c9000000| Untracked |  0
| 145|0x00000000c9100000, 0x00000000c9200000, 0x00000000c9200000|100%| O|  |TAMS 0x00000000c9200000| PB 0x00000000c9100000| Untracked |  0
| 146|0x00000000c9200000, 0x00000000c9300000, 0x00000000c9300000|100%| O|  |TAMS 0x00000000c9300000| PB 0x00000000c9200000| Untracked |  0
| 147|0x00000000c9300000, 0x00000000c9400000, 0x00000000c9400000|100%| O|  |TAMS 0x00000000c9400000| PB 0x00000000c9300000| Untracked |  0
| 148|0x00000000c9400000, 0x00000000c9500000, 0x00000000c9500000|100%| O|  |TAMS 0x00000000c9500000| PB 0x00000000c9400000| Untracked |  0
| 149|0x00000000c9500000, 0x00000000c9600000, 0x00000000c9600000|100%| O|  |TAMS 0x00000000c9600000| PB 0x00000000c9500000| Untracked |  0
| 150|0x00000000c9600000, 0x00000000c9700000, 0x00000000c9700000|100%| O|  |TAMS 0x00000000c9700000| PB 0x00000000c9600000| Untracked |  0
| 151|0x00000000c9700000, 0x00000000c9800000, 0x00000000c9800000|100%| O|  |TAMS 0x00000000c9800000| PB 0x00000000c9700000| Untracked |  0
| 152|0x00000000c9800000, 0x00000000c9900000, 0x00000000c9900000|100%|HS|  |TAMS 0x00000000c9900000| PB 0x00000000c9800000| Complete |  0
| 153|0x00000000c9900000, 0x00000000c9a00000, 0x00000000c9a00000|100%|HC|  |TAMS 0x00000000c9a00000| PB 0x00000000c9900000| Complete |  0
| 154|0x00000000c9a00000, 0x00000000c9b00000, 0x00000000c9b00000|100%| O|  |TAMS 0x00000000c9b00000| PB 0x00000000c9a00000| Untracked |  0
| 155|0x00000000c9b00000, 0x00000000c9c00000, 0x00000000c9c00000|100%| O|  |TAMS 0x00000000c9c00000| PB 0x00000000c9b00000| Untracked |  0
| 156|0x00000000c9c00000, 0x00000000c9d00000, 0x00000000c9d00000|100%| O|  |TAMS 0x00000000c9c00000| PB 0x00000000c9c00000| Untracked |  0
| 157|0x00000000c9d00000, 0x00000000c9e00000, 0x00000000c9e00000|100%| O|  |TAMS 0x00000000c9d00000| PB 0x00000000c9d00000| Untracked |  0
| 158|0x00000000c9e00000, 0x00000000c9f00000, 0x00000000c9f00000|100%| O|  |TAMS 0x00000000c9f00000| PB 0x00000000c9e00000| Untracked |  0
| 159|0x00000000c9f00000, 0x00000000ca000000, 0x00000000ca000000|100%| O|  |TAMS 0x00000000ca000000| PB 0x00000000c9f00000| Untracked |  0
| 160|0x00000000ca000000, 0x00000000ca100000, 0x00000000ca100000|100%| O|  |TAMS 0x00000000ca100000| PB 0x00000000ca000000| Untracked |  0
| 161|0x00000000ca100000, 0x00000000ca200000, 0x00000000ca200000|100%| O|  |TAMS 0x00000000ca200000| PB 0x00000000ca100000| Untracked |  0
| 162|0x00000000ca200000, 0x00000000ca300000, 0x00000000ca300000|100%| O|  |TAMS 0x00000000ca300000| PB 0x00000000ca200000| Untracked |  0
| 163|0x00000000ca300000, 0x00000000ca400000, 0x00000000ca400000|100%|HS|  |TAMS 0x00000000ca400000| PB 0x00000000ca300000| Complete |  0
| 164|0x00000000ca400000, 0x00000000ca500000, 0x00000000ca500000|100%|HS|  |TAMS 0x00000000ca500000| PB 0x00000000ca400000| Complete |  0
| 165|0x00000000ca500000, 0x00000000ca600000, 0x00000000ca600000|100%| O|  |TAMS 0x00000000ca600000| PB 0x00000000ca500000| Untracked |  0
| 166|0x00000000ca600000, 0x00000000ca700000, 0x00000000ca700000|100%| O|  |TAMS 0x00000000ca700000| PB 0x00000000ca600000| Untracked |  0
| 167|0x00000000ca700000, 0x00000000ca800000, 0x00000000ca800000|100%| O|  |TAMS 0x00000000ca800000| PB 0x00000000ca700000| Untracked |  0
| 168|0x00000000ca800000, 0x00000000ca900000, 0x00000000ca900000|100%| O|  |TAMS 0x00000000ca900000| PB 0x00000000ca800000| Untracked |  0
| 169|0x00000000ca900000, 0x00000000caa00000, 0x00000000caa00000|100%| O|  |TAMS 0x00000000caa00000| PB 0x00000000ca900000| Untracked |  0
| 170|0x00000000caa00000, 0x00000000cab00000, 0x00000000cab00000|100%| O|  |TAMS 0x00000000cab00000| PB 0x00000000caa00000| Untracked |  0
| 171|0x00000000cab00000, 0x00000000cac00000, 0x00000000cac00000|100%| O|  |TAMS 0x00000000cac00000| PB 0x00000000cab00000| Untracked |  0
| 172|0x00000000cac00000, 0x00000000cad00000, 0x00000000cad00000|100%| O|  |TAMS 0x00000000cac00000| PB 0x00000000cac00000| Untracked |  0
| 173|0x00000000cad00000, 0x00000000cae00000, 0x00000000cae00000|100%| O|  |TAMS 0x00000000cad00000| PB 0x00000000cad00000| Untracked |  0
| 174|0x00000000cae00000, 0x00000000caf00000, 0x00000000caf00000|100%| O|  |TAMS 0x00000000cae00000| PB 0x00000000cae00000| Untracked |  0
| 175|0x00000000caf00000, 0x00000000cb000000, 0x00000000cb000000|100%| O|  |TAMS 0x00000000caf00000| PB 0x00000000caf00000| Untracked |  0
| 176|0x00000000cb000000, 0x00000000cb100000, 0x00000000cb100000|100%| O|  |TAMS 0x00000000cb000000| PB 0x00000000cb000000| Untracked |  0
| 177|0x00000000cb100000, 0x00000000cb200000, 0x00000000cb200000|100%| O|  |TAMS 0x00000000cb100000| PB 0x00000000cb100000| Untracked |  0
| 178|0x00000000cb200000, 0x00000000cb300000, 0x00000000cb300000|100%| O|  |TAMS 0x00000000cb200000| PB 0x00000000cb200000| Untracked |  0
| 179|0x00000000cb300000, 0x00000000cb400000, 0x00000000cb400000|100%| O|  |TAMS 0x00000000cb300000| PB 0x00000000cb300000| Untracked |  0
| 180|0x00000000cb400000, 0x00000000cb500000, 0x00000000cb500000|100%| O|  |TAMS 0x00000000cb400000| PB 0x00000000cb400000| Untracked |  0
| 181|0x00000000cb500000, 0x00000000cb600000, 0x00000000cb600000|100%| O|  |TAMS 0x00000000cb500000| PB 0x00000000cb500000| Untracked |  0
| 182|0x00000000cb600000, 0x00000000cb700000, 0x00000000cb700000|100%| O|  |TAMS 0x00000000cb700000| PB 0x00000000cb600000| Untracked |  0
| 183|0x00000000cb700000, 0x00000000cb800000, 0x00000000cb800000|100%| O|  |TAMS 0x00000000cb700000| PB 0x00000000cb700000| Untracked |  0
| 184|0x00000000cb800000, 0x00000000cb900000, 0x00000000cb900000|100%| O|  |TAMS 0x00000000cb900000| PB 0x00000000cb800000| Untracked |  0
| 185|0x00000000cb900000, 0x00000000cba00000, 0x00000000cba00000|100%| O|  |TAMS 0x00000000cba00000| PB 0x00000000cb900000| Untracked |  0
| 186|0x00000000cba00000, 0x00000000cbb00000, 0x00000000cbb00000|100%| O|  |TAMS 0x00000000cbb00000| PB 0x00000000cba00000| Untracked |  0
| 187|0x00000000cbb00000, 0x00000000cbc00000, 0x00000000cbc00000|100%| O|  |TAMS 0x00000000cbc00000| PB 0x00000000cbb00000| Untracked |  0
| 188|0x00000000cbc00000, 0x00000000cbd00000, 0x00000000cbd00000|100%| O|  |TAMS 0x00000000cbd00000| PB 0x00000000cbc00000| Untracked |  0
| 189|0x00000000cbd00000, 0x00000000cbe00000, 0x00000000cbe00000|100%| O|  |TAMS 0x00000000cbe00000| PB 0x00000000cbd00000| Untracked |  0
| 190|0x00000000cbe00000, 0x00000000cbf00000, 0x00000000cbf00000|100%| O|  |TAMS 0x00000000cbf00000| PB 0x00000000cbe00000| Untracked |  0
| 191|0x00000000cbf00000, 0x00000000cc000000, 0x00000000cc000000|100%| O|  |TAMS 0x00000000cc000000| PB 0x00000000cbf00000| Untracked |  0
| 192|0x00000000cc000000, 0x00000000cc100000, 0x00000000cc100000|100%| O|  |TAMS 0x00000000cc000000| PB 0x00000000cc000000| Untracked |  0
| 193|0x00000000cc100000, 0x00000000cc100000, 0x00000000cc200000|  0%| F|  |TAMS 0x00000000cc100000| PB 0x00000000cc100000| Untracked |  0
| 194|0x00000000cc200000, 0x00000000cc300000, 0x00000000cc300000|100%| O|  |TAMS 0x00000000cc300000| PB 0x00000000cc200000| Untracked |  0
| 195|0x00000000cc300000, 0x00000000cc400000, 0x00000000cc400000|100%| O|  |TAMS 0x00000000cc400000| PB 0x00000000cc300000| Untracked |  0
| 196|0x00000000cc400000, 0x00000000cc400000, 0x00000000cc500000|  0%| F|  |TAMS 0x00000000cc400000| PB 0x00000000cc400000| Untracked |  0
| 197|0x00000000cc500000, 0x00000000cc500000, 0x00000000cc600000|  0%| F|  |TAMS 0x00000000cc500000| PB 0x00000000cc500000| Untracked |  0
| 198|0x00000000cc600000, 0x00000000cc600000, 0x00000000cc700000|  0%| F|  |TAMS 0x00000000cc600000| PB 0x00000000cc600000| Untracked |  0
| 199|0x00000000cc700000, 0x00000000cc700000, 0x00000000cc800000|  0%| F|  |TAMS 0x00000000cc700000| PB 0x00000000cc700000| Untracked |  0
| 200|0x00000000cc800000, 0x00000000cc800000, 0x00000000cc900000|  0%| F|  |TAMS 0x00000000cc800000| PB 0x00000000cc800000| Untracked |  0
| 201|0x00000000cc900000, 0x00000000cc900000, 0x00000000cca00000|  0%| F|  |TAMS 0x00000000cc900000| PB 0x00000000cc900000| Untracked |  0
| 202|0x00000000cca00000, 0x00000000ccb00000, 0x00000000ccb00000|100%| O|  |TAMS 0x00000000ccb00000| PB 0x00000000cca00000| Untracked |  0
| 203|0x00000000ccb00000, 0x00000000ccc00000, 0x00000000ccc00000|100%| O|  |TAMS 0x00000000ccc00000| PB 0x00000000ccb00000| Untracked |  0
| 204|0x00000000ccc00000, 0x00000000ccd00000, 0x00000000ccd00000|100%| O|  |TAMS 0x00000000ccd00000| PB 0x00000000ccc00000| Untracked |  0
| 205|0x00000000ccd00000, 0x00000000cce00000, 0x00000000cce00000|100%| O|  |TAMS 0x00000000cce00000| PB 0x00000000ccd00000| Untracked |  0
| 206|0x00000000cce00000, 0x00000000ccf00000, 0x00000000ccf00000|100%| O|  |TAMS 0x00000000ccf00000| PB 0x00000000cce00000| Untracked |  0
| 207|0x00000000ccf00000, 0x00000000cd000000, 0x00000000cd000000|100%| O|  |TAMS 0x00000000cd000000| PB 0x00000000ccf00000| Untracked |  0
| 208|0x00000000cd000000, 0x00000000cd100000, 0x00000000cd100000|100%| O|  |TAMS 0x00000000cd100000| PB 0x00000000cd000000| Untracked |  0
| 209|0x00000000cd100000, 0x00000000cd200000, 0x00000000cd200000|100%| O|  |TAMS 0x00000000cd200000| PB 0x00000000cd100000| Untracked |  0
| 210|0x00000000cd200000, 0x00000000cd300000, 0x00000000cd300000|100%| O|  |TAMS 0x00000000cd300000| PB 0x00000000cd200000| Untracked |  0
| 211|0x00000000cd300000, 0x00000000cd300000, 0x00000000cd400000|  0%| F|  |TAMS 0x00000000cd300000| PB 0x00000000cd300000| Untracked |  0
| 212|0x00000000cd400000, 0x00000000cd400000, 0x00000000cd500000|  0%| F|  |TAMS 0x00000000cd400000| PB 0x00000000cd400000| Untracked |  0
| 213|0x00000000cd500000, 0x00000000cd500000, 0x00000000cd600000|  0%| F|  |TAMS 0x00000000cd500000| PB 0x00000000cd500000| Untracked |  0
| 214|0x00000000cd600000, 0x00000000cd600000, 0x00000000cd700000|  0%| F|  |TAMS 0x00000000cd600000| PB 0x00000000cd600000| Untracked |  0
| 215|0x00000000cd700000, 0x00000000cd700000, 0x00000000cd800000|  0%| F|  |TAMS 0x00000000cd700000| PB 0x00000000cd700000| Untracked |  0
| 216|0x00000000cd800000, 0x00000000cd800000, 0x00000000cd900000|  0%| F|  |TAMS 0x00000000cd800000| PB 0x00000000cd800000| Untracked |  0
| 217|0x00000000cd900000, 0x00000000cd900000, 0x00000000cda00000|  0%| F|  |TAMS 0x00000000cd900000| PB 0x00000000cd900000| Untracked |  0
| 218|0x00000000cda00000, 0x00000000cda00000, 0x00000000cdb00000|  0%| F|  |TAMS 0x00000000cda00000| PB 0x00000000cda00000| Untracked |  0
| 219|0x00000000cdb00000, 0x00000000cdb00000, 0x00000000cdc00000|  0%| F|  |TAMS 0x00000000cdb00000| PB 0x00000000cdb00000| Untracked |  0
| 220|0x00000000cdc00000, 0x00000000cdc00000, 0x00000000cdd00000|  0%| F|  |TAMS 0x00000000cdc00000| PB 0x00000000cdc00000| Untracked |  0
| 221|0x00000000cdd00000, 0x00000000cdd00000, 0x00000000cde00000|  0%| F|  |TAMS 0x00000000cdd00000| PB 0x00000000cdd00000| Untracked |  0
| 222|0x00000000cde00000, 0x00000000cde00000, 0x00000000cdf00000|  0%| F|  |TAMS 0x00000000cde00000| PB 0x00000000cde00000| Untracked |  0
| 223|0x00000000cdf00000, 0x00000000cdf00000, 0x00000000ce000000|  0%| F|  |TAMS 0x00000000cdf00000| PB 0x00000000cdf00000| Untracked |  0
| 224|0x00000000ce000000, 0x00000000ce000000, 0x00000000ce100000|  0%| F|  |TAMS 0x00000000ce000000| PB 0x00000000ce000000| Untracked |  0
| 225|0x00000000ce100000, 0x00000000ce100000, 0x00000000ce200000|  0%| F|  |TAMS 0x00000000ce100000| PB 0x00000000ce100000| Untracked |  0
| 226|0x00000000ce200000, 0x00000000ce200000, 0x00000000ce300000|  0%| F|  |TAMS 0x00000000ce200000| PB 0x00000000ce200000| Untracked |  0
| 227|0x00000000ce300000, 0x00000000ce300000, 0x00000000ce400000|  0%| F|  |TAMS 0x00000000ce300000| PB 0x00000000ce300000| Untracked |  0
| 228|0x00000000ce400000, 0x00000000ce400000, 0x00000000ce500000|  0%| F|  |TAMS 0x00000000ce400000| PB 0x00000000ce400000| Untracked |  0
| 229|0x00000000ce500000, 0x00000000ce500000, 0x00000000ce600000|  0%| F|  |TAMS 0x00000000ce500000| PB 0x00000000ce500000| Untracked |  0
| 230|0x00000000ce600000, 0x00000000ce600000, 0x00000000ce700000|  0%| F|  |TAMS 0x00000000ce600000| PB 0x00000000ce600000| Untracked |  0
| 231|0x00000000ce700000, 0x00000000ce700000, 0x00000000ce800000|  0%| F|  |TAMS 0x00000000ce700000| PB 0x00000000ce700000| Untracked |  0
| 232|0x00000000ce800000, 0x00000000ce800000, 0x00000000ce900000|  0%| F|  |TAMS 0x00000000ce800000| PB 0x00000000ce800000| Untracked |  0
| 233|0x00000000ce900000, 0x00000000ce900000, 0x00000000cea00000|  0%| F|  |TAMS 0x00000000ce900000| PB 0x00000000ce900000| Untracked |  0
| 234|0x00000000cea00000, 0x00000000cea00000, 0x00000000ceb00000|  0%| F|  |TAMS 0x00000000cea00000| PB 0x00000000cea00000| Untracked |  0
| 235|0x00000000ceb00000, 0x00000000ceb00000, 0x00000000cec00000|  0%| F|  |TAMS 0x00000000ceb00000| PB 0x00000000ceb00000| Untracked |  0
| 236|0x00000000cec00000, 0x00000000cec00000, 0x00000000ced00000|  0%| F|  |TAMS 0x00000000cec00000| PB 0x00000000cec00000| Untracked |  0
| 237|0x00000000ced00000, 0x00000000ced00000, 0x00000000cee00000|  0%| F|  |TAMS 0x00000000ced00000| PB 0x00000000ced00000| Untracked |  0
| 238|0x00000000cee00000, 0x00000000cee00000, 0x00000000cef00000|  0%| F|  |TAMS 0x00000000cee00000| PB 0x00000000cee00000| Untracked |  0
| 239|0x00000000cef00000, 0x00000000cef00000, 0x00000000cf000000|  0%| F|  |TAMS 0x00000000cef00000| PB 0x00000000cef00000| Untracked |  0
| 240|0x00000000cf000000, 0x00000000cf000000, 0x00000000cf100000|  0%| F|  |TAMS 0x00000000cf000000| PB 0x00000000cf000000| Untracked |  0
| 241|0x00000000cf100000, 0x00000000cf100000, 0x00000000cf200000|  0%| F|  |TAMS 0x00000000cf100000| PB 0x00000000cf100000| Untracked |  0
| 242|0x00000000cf200000, 0x00000000cf200000, 0x00000000cf300000|  0%| F|  |TAMS 0x00000000cf200000| PB 0x00000000cf200000| Untracked |  0
| 243|0x00000000cf300000, 0x00000000cf300000, 0x00000000cf400000|  0%| F|  |TAMS 0x00000000cf300000| PB 0x00000000cf300000| Untracked |  0
| 244|0x00000000cf400000, 0x00000000cf400000, 0x00000000cf500000|  0%| F|  |TAMS 0x00000000cf400000| PB 0x00000000cf400000| Untracked |  0
| 245|0x00000000cf500000, 0x00000000cf500000, 0x00000000cf600000|  0%| F|  |TAMS 0x00000000cf500000| PB 0x00000000cf500000| Untracked |  0
| 246|0x00000000cf600000, 0x00000000cf600000, 0x00000000cf700000|  0%| F|  |TAMS 0x00000000cf600000| PB 0x00000000cf600000| Untracked |  0
| 247|0x00000000cf700000, 0x00000000cf700000, 0x00000000cf800000|  0%| F|  |TAMS 0x00000000cf700000| PB 0x00000000cf700000| Untracked |  0
| 248|0x00000000cf800000, 0x00000000cf800000, 0x00000000cf900000|  0%| F|  |TAMS 0x00000000cf800000| PB 0x00000000cf800000| Untracked |  0
| 249|0x00000000cf900000, 0x00000000cf900000, 0x00000000cfa00000|  0%| F|  |TAMS 0x00000000cf900000| PB 0x00000000cf900000| Untracked |  0
| 250|0x00000000cfa00000, 0x00000000cfa00000, 0x00000000cfb00000|  0%| F|  |TAMS 0x00000000cfa00000| PB 0x00000000cfa00000| Untracked |  0
| 251|0x00000000cfb00000, 0x00000000cfb00000, 0x00000000cfc00000|  0%| F|  |TAMS 0x00000000cfb00000| PB 0x00000000cfb00000| Untracked |  0
| 252|0x00000000cfc00000, 0x00000000cfc00000, 0x00000000cfd00000|  0%| F|  |TAMS 0x00000000cfc00000| PB 0x00000000cfc00000| Untracked |  0
| 253|0x00000000cfd00000, 0x00000000cfd00000, 0x00000000cfe00000|  0%| F|  |TAMS 0x00000000cfd00000| PB 0x00000000cfd00000| Untracked |  0
| 254|0x00000000cfe00000, 0x00000000cfe00000, 0x00000000cff00000|  0%| F|  |TAMS 0x00000000cfe00000| PB 0x00000000cfe00000| Untracked |  0
| 255|0x00000000cff00000, 0x00000000cff00000, 0x00000000d0000000|  0%| F|  |TAMS 0x00000000cff00000| PB 0x00000000cff00000| Untracked |  0
| 256|0x00000000d0000000, 0x00000000d0000000, 0x00000000d0100000|  0%| F|  |TAMS 0x00000000d0000000| PB 0x00000000d0000000| Untracked |  0
| 257|0x00000000d0100000, 0x00000000d0100000, 0x00000000d0200000|  0%| F|  |TAMS 0x00000000d0100000| PB 0x00000000d0100000| Untracked |  0
| 258|0x00000000d0200000, 0x00000000d0200000, 0x00000000d0300000|  0%| F|  |TAMS 0x00000000d0200000| PB 0x00000000d0200000| Untracked |  0
| 259|0x00000000d0300000, 0x00000000d0300000, 0x00000000d0400000|  0%| F|  |TAMS 0x00000000d0300000| PB 0x00000000d0300000| Untracked |  0
| 260|0x00000000d0400000, 0x00000000d0400000, 0x00000000d0500000|  0%| F|  |TAMS 0x00000000d0400000| PB 0x00000000d0400000| Untracked |  0
| 261|0x00000000d0500000, 0x00000000d0500000, 0x00000000d0600000|  0%| F|  |TAMS 0x00000000d0500000| PB 0x00000000d0500000| Untracked |  0
| 262|0x00000000d0600000, 0x00000000d0600000, 0x00000000d0700000|  0%| F|  |TAMS 0x00000000d0600000| PB 0x00000000d0600000| Untracked |  0
| 263|0x00000000d0700000, 0x00000000d0700000, 0x00000000d0800000|  0%| F|  |TAMS 0x00000000d0700000| PB 0x00000000d0700000| Untracked |  0
| 264|0x00000000d0800000, 0x00000000d0800000, 0x00000000d0900000|  0%| F|  |TAMS 0x00000000d0800000| PB 0x00000000d0800000| Untracked |  0
| 265|0x00000000d0900000, 0x00000000d0900000, 0x00000000d0a00000|  0%| F|  |TAMS 0x00000000d0900000| PB 0x00000000d0900000| Untracked |  0
| 266|0x00000000d0a00000, 0x00000000d0a00000, 0x00000000d0b00000|  0%| F|  |TAMS 0x00000000d0a00000| PB 0x00000000d0a00000| Untracked |  0
| 267|0x00000000d0b00000, 0x00000000d0b00000, 0x00000000d0c00000|  0%| F|  |TAMS 0x00000000d0b00000| PB 0x00000000d0b00000| Untracked |  0
| 268|0x00000000d0c00000, 0x00000000d0c00000, 0x00000000d0d00000|  0%| F|  |TAMS 0x00000000d0c00000| PB 0x00000000d0c00000| Untracked |  0
| 269|0x00000000d0d00000, 0x00000000d0d00000, 0x00000000d0e00000|  0%| F|  |TAMS 0x00000000d0d00000| PB 0x00000000d0d00000| Untracked |  0
| 270|0x00000000d0e00000, 0x00000000d0e00000, 0x00000000d0f00000|  0%| F|  |TAMS 0x00000000d0e00000| PB 0x00000000d0e00000| Untracked |  0
| 271|0x00000000d0f00000, 0x00000000d0f00000, 0x00000000d1000000|  0%| F|  |TAMS 0x00000000d0f00000| PB 0x00000000d0f00000| Untracked |  0
| 272|0x00000000d1000000, 0x00000000d1000000, 0x00000000d1100000|  0%| F|  |TAMS 0x00000000d1000000| PB 0x00000000d1000000| Untracked |  0
| 273|0x00000000d1100000, 0x00000000d1100000, 0x00000000d1200000|  0%| F|  |TAMS 0x00000000d1100000| PB 0x00000000d1100000| Untracked |  0
| 274|0x00000000d1200000, 0x00000000d1200000, 0x00000000d1300000|  0%| F|  |TAMS 0x00000000d1200000| PB 0x00000000d1200000| Untracked |  0
| 275|0x00000000d1300000, 0x00000000d1300000, 0x00000000d1400000|  0%| F|  |TAMS 0x00000000d1300000| PB 0x00000000d1300000| Untracked |  0
| 276|0x00000000d1400000, 0x00000000d1400000, 0x00000000d1500000|  0%| F|  |TAMS 0x00000000d1400000| PB 0x00000000d1400000| Untracked |  0
| 277|0x00000000d1500000, 0x00000000d1500000, 0x00000000d1600000|  0%| F|  |TAMS 0x00000000d1500000| PB 0x00000000d1500000| Untracked |  0
| 278|0x00000000d1600000, 0x00000000d1600000, 0x00000000d1700000|  0%| F|  |TAMS 0x00000000d1600000| PB 0x00000000d1600000| Untracked |  0
| 279|0x00000000d1700000, 0x00000000d1700000, 0x00000000d1800000|  0%| F|  |TAMS 0x00000000d1700000| PB 0x00000000d1700000| Untracked |  0
| 280|0x00000000d1800000, 0x00000000d1800000, 0x00000000d1900000|  0%| F|  |TAMS 0x00000000d1800000| PB 0x00000000d1800000| Untracked |  0
| 281|0x00000000d1900000, 0x00000000d1900000, 0x00000000d1a00000|  0%| F|  |TAMS 0x00000000d1900000| PB 0x00000000d1900000| Untracked |  0
| 282|0x00000000d1a00000, 0x00000000d1a00000, 0x00000000d1b00000|  0%| F|  |TAMS 0x00000000d1a00000| PB 0x00000000d1a00000| Untracked |  0
| 283|0x00000000d1b00000, 0x00000000d1b00000, 0x00000000d1c00000|  0%| F|  |TAMS 0x00000000d1b00000| PB 0x00000000d1b00000| Untracked |  0
| 284|0x00000000d1c00000, 0x00000000d1c00000, 0x00000000d1d00000|  0%| F|  |TAMS 0x00000000d1c00000| PB 0x00000000d1c00000| Untracked |  0
| 285|0x00000000d1d00000, 0x00000000d1d00000, 0x00000000d1e00000|  0%| F|  |TAMS 0x00000000d1d00000| PB 0x00000000d1d00000| Untracked |  0
| 286|0x00000000d1e00000, 0x00000000d1e00000, 0x00000000d1f00000|  0%| F|  |TAMS 0x00000000d1e00000| PB 0x00000000d1e00000| Untracked |  0
| 287|0x00000000d1f00000, 0x00000000d1f00000, 0x00000000d2000000|  0%| F|  |TAMS 0x00000000d1f00000| PB 0x00000000d1f00000| Untracked |  0
| 288|0x00000000d2000000, 0x00000000d2000000, 0x00000000d2100000|  0%| F|  |TAMS 0x00000000d2000000| PB 0x00000000d2000000| Untracked |  0
| 289|0x00000000d2100000, 0x00000000d2100000, 0x00000000d2200000|  0%| F|  |TAMS 0x00000000d2100000| PB 0x00000000d2100000| Untracked |  0
| 290|0x00000000d2200000, 0x00000000d2200000, 0x00000000d2300000|  0%| F|  |TAMS 0x00000000d2200000| PB 0x00000000d2200000| Untracked |  0
| 291|0x00000000d2300000, 0x00000000d2300000, 0x00000000d2400000|  0%| F|  |TAMS 0x00000000d2300000| PB 0x00000000d2300000| Untracked |  0
| 292|0x00000000d2400000, 0x00000000d2400000, 0x00000000d2500000|  0%| F|  |TAMS 0x00000000d2400000| PB 0x00000000d2400000| Untracked |  0
| 293|0x00000000d2500000, 0x00000000d2500000, 0x00000000d2600000|  0%| F|  |TAMS 0x00000000d2500000| PB 0x00000000d2500000| Untracked |  0
| 294|0x00000000d2600000, 0x00000000d2600000, 0x00000000d2700000|  0%| F|  |TAMS 0x00000000d2600000| PB 0x00000000d2600000| Untracked |  0
| 295|0x00000000d2700000, 0x00000000d2700000, 0x00000000d2800000|  0%| F|  |TAMS 0x00000000d2700000| PB 0x00000000d2700000| Untracked |  0
| 296|0x00000000d2800000, 0x00000000d2800000, 0x00000000d2900000|  0%| F|  |TAMS 0x00000000d2800000| PB 0x00000000d2800000| Untracked |  0
| 297|0x00000000d2900000, 0x00000000d2900000, 0x00000000d2a00000|  0%| F|  |TAMS 0x00000000d2900000| PB 0x00000000d2900000| Untracked |  0
| 298|0x00000000d2a00000, 0x00000000d2a00000, 0x00000000d2b00000|  0%| F|  |TAMS 0x00000000d2a00000| PB 0x00000000d2a00000| Untracked |  0
| 299|0x00000000d2b00000, 0x00000000d2b00000, 0x00000000d2c00000|  0%| F|  |TAMS 0x00000000d2b00000| PB 0x00000000d2b00000| Untracked |  0
| 300|0x00000000d2c00000, 0x00000000d2c00000, 0x00000000d2d00000|  0%| F|  |TAMS 0x00000000d2c00000| PB 0x00000000d2c00000| Untracked |  0
| 301|0x00000000d2d00000, 0x00000000d2d00000, 0x00000000d2e00000|  0%| F|  |TAMS 0x00000000d2d00000| PB 0x00000000d2d00000| Untracked |  0
| 302|0x00000000d2e00000, 0x00000000d2e00000, 0x00000000d2f00000|  0%| F|  |TAMS 0x00000000d2e00000| PB 0x00000000d2e00000| Untracked |  0
| 303|0x00000000d2f00000, 0x00000000d2f00000, 0x00000000d3000000|  0%| F|  |TAMS 0x00000000d2f00000| PB 0x00000000d2f00000| Untracked |  0
| 304|0x00000000d3000000, 0x00000000d3000000, 0x00000000d3100000|  0%| F|  |TAMS 0x00000000d3000000| PB 0x00000000d3000000| Untracked |  0
| 305|0x00000000d3100000, 0x00000000d3100000, 0x00000000d3200000|  0%| F|  |TAMS 0x00000000d3100000| PB 0x00000000d3100000| Untracked |  0
| 306|0x00000000d3200000, 0x00000000d3200000, 0x00000000d3300000|  0%| F|  |TAMS 0x00000000d3200000| PB 0x00000000d3200000| Untracked |  0
| 977|0x00000000fd100000, 0x00000000fd200000, 0x00000000fd200000|100%| O|  |TAMS 0x00000000fd180000| PB 0x00000000fd100000| Untracked |  0
| 978|0x00000000fd200000, 0x00000000fd300000, 0x00000000fd300000|100%| O|  |TAMS 0x00000000fd300000| PB 0x00000000fd200000| Untracked |  0
| 979|0x00000000fd300000, 0x00000000fd400000, 0x00000000fd400000|100%| O|  |TAMS 0x00000000fd400000| PB 0x00000000fd300000| Untracked |  0
| 980|0x00000000fd400000, 0x00000000fd500000, 0x00000000fd500000|100%| O|  |TAMS 0x00000000fd500000| PB 0x00000000fd400000| Untracked |  0
| 981|0x00000000fd500000, 0x00000000fd600000, 0x00000000fd600000|100%| O|  |TAMS 0x00000000fd600000| PB 0x00000000fd500000| Untracked |  0
| 982|0x00000000fd600000, 0x00000000fd700000, 0x00000000fd700000|100%| O|  |TAMS 0x00000000fd700000| PB 0x00000000fd600000| Untracked |  0
| 983|0x00000000fd700000, 0x00000000fd800000, 0x00000000fd800000|100%| O|  |TAMS 0x00000000fd800000| PB 0x00000000fd700000| Untracked |  0
| 984|0x00000000fd800000, 0x00000000fd900000, 0x00000000fd900000|100%| O|  |TAMS 0x00000000fd900000| PB 0x00000000fd800000| Untracked |  0
| 985|0x00000000fd900000, 0x00000000fda00000, 0x00000000fda00000|100%| O|  |TAMS 0x00000000fda00000| PB 0x00000000fd900000| Untracked |  0
| 986|0x00000000fda00000, 0x00000000fdb00000, 0x00000000fdb00000|100%| O|  |TAMS 0x00000000fdb00000| PB 0x00000000fda00000| Untracked |  0
| 987|0x00000000fdb00000, 0x00000000fdc00000, 0x00000000fdc00000|100%| O|  |TAMS 0x00000000fdc00000| PB 0x00000000fdb00000| Untracked |  0
| 988|0x00000000fdc00000, 0x00000000fdd00000, 0x00000000fdd00000|100%| O|  |TAMS 0x00000000fdd00000| PB 0x00000000fdc00000| Untracked |  0
| 989|0x00000000fdd00000, 0x00000000fde00000, 0x00000000fde00000|100%| O|  |TAMS 0x00000000fde00000| PB 0x00000000fdd00000| Untracked |  0
| 990|0x00000000fde00000, 0x00000000fdf00000, 0x00000000fdf00000|100%| O|  |TAMS 0x00000000fdf00000| PB 0x00000000fde00000| Untracked |  0
| 991|0x00000000fdf00000, 0x00000000fe000000, 0x00000000fe000000|100%| O|  |TAMS 0x00000000fe000000| PB 0x00000000fdf00000| Untracked |  0
| 992|0x00000000fe000000, 0x00000000fe100000, 0x00000000fe100000|100%| O|  |TAMS 0x00000000fe100000| PB 0x00000000fe000000| Untracked |  0
| 993|0x00000000fe100000, 0x00000000fe200000, 0x00000000fe200000|100%| O|  |TAMS 0x00000000fe200000| PB 0x00000000fe100000| Untracked |  0
| 994|0x00000000fe200000, 0x00000000fe300000, 0x00000000fe300000|100%| O|  |TAMS 0x00000000fe300000| PB 0x00000000fe200000| Untracked |  0
| 995|0x00000000fe300000, 0x00000000fe400000, 0x00000000fe400000|100%| O|  |TAMS 0x00000000fe400000| PB 0x00000000fe300000| Untracked |  0
| 996|0x00000000fe400000, 0x00000000fe500000, 0x00000000fe500000|100%| O|  |TAMS 0x00000000fe500000| PB 0x00000000fe400000| Untracked |  0
| 997|0x00000000fe500000, 0x00000000fe600000, 0x00000000fe600000|100%| O|  |TAMS 0x00000000fe600000| PB 0x00000000fe500000| Untracked |  0
| 998|0x00000000fe600000, 0x00000000fe700000, 0x00000000fe700000|100%| O|  |TAMS 0x00000000fe700000| PB 0x00000000fe600000| Untracked |  0
| 999|0x00000000fe700000, 0x00000000fe800000, 0x00000000fe800000|100%| O|  |TAMS 0x00000000fe800000| PB 0x00000000fe700000| Untracked |  0
|1000|0x00000000fe800000, 0x00000000fe900000, 0x00000000fe900000|100%| O|  |TAMS 0x00000000fe900000| PB 0x00000000fe800000| Untracked |  0
|1001|0x00000000fe900000, 0x00000000fea00000, 0x00000000fea00000|100%| O|  |TAMS 0x00000000fea00000| PB 0x00000000fe900000| Untracked |  0
|1002|0x00000000fea00000, 0x00000000fea00000, 0x00000000feb00000|  0%| F|  |TAMS 0x00000000fea00000| PB 0x00000000fea00000| Untracked |  0
|1003|0x00000000feb00000, 0x00000000feb00000, 0x00000000fec00000|  0%| F|  |TAMS 0x00000000feb00000| PB 0x00000000feb00000| Untracked |  0
|1004|0x00000000fec00000, 0x00000000fec00000, 0x00000000fed00000|  0%| F|  |TAMS 0x00000000fec00000| PB 0x00000000fec00000| Untracked |  0
|1005|0x00000000fed00000, 0x00000000fed00000, 0x00000000fee00000|  0%| F|  |TAMS 0x00000000fed00000| PB 0x00000000fed00000| Untracked |  0
|1006|0x00000000fee00000, 0x00000000fee00000, 0x00000000fef00000|  0%| F|  |TAMS 0x00000000fee00000| PB 0x00000000fee00000| Untracked |  0
|1007|0x00000000fef00000, 0x00000000ff000000, 0x00000000ff000000|100%| O|  |TAMS 0x00000000ff000000| PB 0x00000000fef00000| Untracked |  0
|1008|0x00000000ff000000, 0x00000000ff000000, 0x00000000ff100000|  0%| F|  |TAMS 0x00000000ff000000| PB 0x00000000ff000000| Untracked |  0
|1009|0x00000000ff100000, 0x00000000ff100000, 0x00000000ff200000|  0%| F|  |TAMS 0x00000000ff100000| PB 0x00000000ff100000| Untracked |  0
|1010|0x00000000ff200000, 0x00000000ff200000, 0x00000000ff300000|  0%| F|  |TAMS 0x00000000ff200000| PB 0x00000000ff200000| Untracked |  0
|1011|0x00000000ff300000, 0x00000000ff300000, 0x00000000ff400000|  0%| F|  |TAMS 0x00000000ff300000| PB 0x00000000ff300000| Untracked |  0
|1012|0x00000000ff400000, 0x00000000ff4ace18, 0x00000000ff500000| 67%| E|  |TAMS 0x00000000ff400000| PB 0x00000000ff400000| Complete |  0
|1013|0x00000000ff500000, 0x00000000ff580000, 0x00000000ff600000| 50%| S|CS|TAMS 0x00000000ff500000| PB 0x00000000ff500000| Complete |  0
|1014|0x00000000ff600000, 0x00000000ff700000, 0x00000000ff700000|100%| S|CS|TAMS 0x00000000ff600000| PB 0x00000000ff600000| Complete |  0
|1015|0x00000000ff700000, 0x00000000ff800000, 0x00000000ff800000|100%| S|CS|TAMS 0x00000000ff700000| PB 0x00000000ff700000| Complete |  0
|1016|0x00000000ff800000, 0x00000000ff900000, 0x00000000ff900000|100%| O|  |TAMS 0x00000000ff900000| PB 0x00000000ff800000| Untracked |  0
|1017|0x00000000ff900000, 0x00000000ffa00000, 0x00000000ffa00000|100%| E|  |TAMS 0x00000000ff900000| PB 0x00000000ff900000| Complete |  0
|1018|0x00000000ffa00000, 0x00000000ffb00000, 0x00000000ffb00000|100%| O|  |TAMS 0x00000000ffb00000| PB 0x00000000ffa00000| Untracked |  0
|1019|0x00000000ffb00000, 0x00000000ffc00000, 0x00000000ffc00000|100%| O|  |TAMS 0x00000000ffc00000| PB 0x00000000ffb00000| Untracked |  0
|1020|0x00000000ffc00000, 0x00000000ffd00000, 0x00000000ffd00000|100%| O|  |TAMS 0x00000000ffd00000| PB 0x00000000ffc00000| Untracked |  0
|1021|0x00000000ffd00000, 0x00000000ffe00000, 0x00000000ffe00000|100%| E|CS|TAMS 0x00000000ffd00000| PB 0x00000000ffd00000| Complete |  0
|1022|0x00000000ffe00000, 0x00000000fff00000, 0x00000000fff00000|100%| O|  |TAMS 0x00000000fff00000| PB 0x00000000ffe00000| Untracked |  0
|1023|0x00000000fff00000, 0x0000000100000000, 0x0000000100000000|100%| O|  |TAMS 0x0000000100000000| PB 0x00000000fff00000| Untracked |  0

Card table byte_map: [0x000001393b8c0000,0x000001393bac0000] _byte_map_base: 0x000001393b2c0000

Marking Bits: (CMBitMap*) 0x00000139291efb40
 Bits: [0x000001393bac0000, 0x000001393cac0000)

Polling page: 0x0000013927200000

Metaspace:
Metaspace        used 213471K, committed 215872K, reserved 524288K
 class space     used 28816K, committed 29952K, reserved 327680K

Usage:
  Non-class:    180.33 MB used.
      Class:     28.14 MB used.
       Both:    208.47 MB used.

Virtual space:
  Non-class space:      192.00 MB reserved,     181.56 MB ( 95%) committed,  3 nodes.
      Class space:      320.00 MB reserved,      29.25 MB (  9%) committed,  1 nodes.
             Both:      512.00 MB reserved,     210.81 MB ( 41%) committed. 

Chunk freelists:
   Non-Class:  10.19 MB
       Class:  2.61 MB
        Both:  12.80 MB

MaxMetaspaceSize: 384.00 MB
CompressedClassSpaceSize: 320.00 MB
Initial GC threshold: 21.00 MB
Current GC threshold: 350.25 MB
CDS: off
 - commit_granule_bytes: 65536.
 - commit_granule_words: 8192.
 - virtual_space_node_default_size: 8388608.
 - enlarge_chunks_in_place: 1.
UseCompressedClassPointers 1, UseCompactObjectHeaders 0
Narrow klass pointer bits 32, Max shift 3
Narrow klass base: 0x0000000000000000, Narrow klass shift: 0
Encoding Range: [0x0000000000000000 - 0x0000000100000000), (4294967296 bytes)
Klass Range:    [0x0000000065000000 - 0x0000000079000000), (335544320 bytes)
Klass ID Range:  [1694498816 - 2030043129) (335544313)
No protection zone.


Internal statistics:

num_allocs_failed_limit: 6.
num_arena_births: 4626.
num_arena_deaths: 0.
num_vsnodes_births: 4.
num_vsnodes_deaths: 0.
num_space_committed: 3370.
num_space_uncommitted: 0.
num_chunks_returned_to_freelist: 6.
num_chunks_taken_from_freelist: 12597.
num_chunk_merges: 6.
num_chunk_splits: 9095.
num_chunks_enlarged: 6769.
num_inconsistent_stats: 0.

CodeHeap 'non-profiled nmethods': size=120064Kb used=9079Kb max_used=9079Kb free=110984Kb
 bounds [0x0000013934180000, 0x0000013934a60000, 0x000001393b6c0000]
CodeHeap 'profiled nmethods': size=120064Kb used=30857Kb max_used=30857Kb free=89206Kb
 bounds [0x000001392c6a0000, 0x000001392e4d0000, 0x0000013933be0000]
CodeHeap 'non-nmethods': size=5760Kb used=2479Kb max_used=2623Kb free=3281Kb
 bounds [0x0000013933be0000, 0x0000013933e80000, 0x0000013934180000]
CodeCache: size=245888Kb, used=42415Kb, max_used=42559Kb, free=203471Kb
 total_blobs=20500, nmethods=19208, adapters=1192, full_count=0
Compilation: enabled, stopped_count=0, restarted_count=0

Compilation events (20 events):
Event: 362.296 Thread 0x000001393f0a7bf0 nmethod 22561 0x000001392e4af188 code [0x000001392e4af280, 0x000001392e4afbd8]
Event: 362.409 Thread 0x000001393f0a7bf0 22562       2       org.jetbrains.kotlin.fir.backend.Fir2IrDeclarationStorage::getIrExternalOrBuiltInsPackageFragment (321 bytes)
Event: 362.413 Thread 0x000001393f0a7bf0 nmethod 22562 0x000001392e4afc08 code [0x000001392e4afd00, 0x000001392e4b0bd8]
Event: 362.413 Thread 0x000001393f0a7bf0 22563       1       org.jetbrains.kotlin.metadata.ProtoBuf$Constructor::getAnnotationList (5 bytes)
Event: 362.413 Thread 0x000001393f0a7bf0 nmethod 22563 0x0000013934a5a688 code [0x0000013934a5a780, 0x0000013934a5a848]
Event: 362.471 Thread 0x000001393f0a7bf0 22564       1       org.jetbrains.kotlin.fir.expressions.builder.FirCollectionLiteralBuilder::setConeTypeOrNull (6 bytes)
Event: 362.472 Thread 0x000001393f0a7bf0 nmethod 22564 0x0000013934a5a988 code [0x0000013934a5aa80, 0x0000013934a5ab90]
Event: 362.472 Thread 0x000001393f0a7bf0 22565       2       org.jetbrains.kotlin.builtins.jvm.JavaToKotlinClassMap::mapKotlinToJava (94 bytes)
Event: 362.474 Thread 0x000001393f0a7bf0 nmethod 22565 0x000001392e4b0c08 code [0x000001392e4b0d00, 0x000001392e4b11c0]
Event: 362.474 Thread 0x000001393f0a7bf0 22566       2       org.jetbrains.kotlin.fir.java.JavaSymbolProvider$$Lambda/0x0000000065f8dd48::invoke (16 bytes)
Event: 362.474 Thread 0x000001393f0a7bf0 nmethod 22566 0x000001392e4b1208 code [0x000001392e4b1300, 0x000001392e4b1480]
Event: 362.474 Thread 0x000001393f0a7bf0 22567       2       org.jetbrains.kotlin.fir.java.JavaSymbolProvider::classCache$lambda$0 (75 bytes)
Event: 362.476 Thread 0x000001393f0a7bf0 nmethod 22567 0x000001392e4b1508 code [0x000001392e4b1600, 0x000001392e4b1ba0]
Event: 362.479 Thread 0x000001393f0a7bf0 22568       1       org.jetbrains.kotlin.fir.deserialization.PackagePartsCacheData::getProto (5 bytes)
Event: 362.480 Thread 0x000001393f0a7bf0 nmethod 22568 0x0000013934a5ac88 code [0x0000013934a5ad80, 0x0000013934a5ae48]
Event: 362.480 Thread 0x000001393f0a7bf0 22569       1       org.jetbrains.kotlin.metadata.ProtoBuf$Function::getExtensionReceiverAnnotationList (5 bytes)
Event: 362.481 Thread 0x000001393f0a7bf0 nmethod 22569 0x0000013934a5af88 code [0x0000013934a5b080, 0x0000013934a5b148]
Event: 362.482 Thread 0x000001393f0a7bf0 22570       2       org.jetbrains.kotlin.fir.backend.Fir2IrTypeConverter::toIrType (245 bytes)
Event: 363.481 Thread 0x000001393f0a7bf0 nmethod 22570 0x000001392e4b1c08 code [0x000001392e4b1d00, 0x000001392e4b2b90]
Event: 363.481 Thread 0x000001393f0a7bf0 22571       2       org.jetbrains.kotlin.fir.backend.generators.Fir2IrCallableDeclarationsGenerator::addContextParametersTo (152 bytes)

GC Heap Usage History (20 events):
Event: 90.678 {heap Before GC invocations=66 (full 0):
 garbage-first heap   total reserved 1048576K, committed 336896K, used 215537K [0x00000000c0000000, 0x0000000100000000)
  region size 1024K, 18 young (18432K), 7 survivors (7168K)
}
Event: 90.692 {heap After GC invocations=67 (full 0):
 garbage-first heap   total reserved 1048576K, committed 336896K, used 209293K [0x00000000c0000000, 0x0000000100000000)
  region size 1024K, 11 young (11264K), 11 survivors (11264K)
}
Event: 97.809 {heap Before GC invocations=68 (full 0):
 garbage-first heap   total reserved 1048576K, committed 336896K, used 255373K [0x00000000c0000000, 0x0000000100000000)
  region size 1024K, 94 young (96256K), 11 survivors (11264K)
}
Event: 97.832 {heap After GC invocations=69 (full 0):
 garbage-first heap   total reserved 1048576K, committed 336896K, used 170460K [0x00000000c0000000, 0x0000000100000000)
  region size 1024K, 9 young (9216K), 9 survivors (9216K)
}
Event: 101.852 {heap Before GC invocations=69 (full 0):
 garbage-first heap   total reserved 1048576K, committed 336896K, used 289244K [0x00000000c0000000, 0x0000000100000000)
  region size 1024K, 126 young (129024K), 9 survivors (9216K)
}
Event: 101.885 {heap After GC invocations=70 (full 0):
 garbage-first heap   total reserved 1048576K, committed 336896K, used 160659K [0x00000000c0000000, 0x0000000100000000)
  region size 1024K, 16 young (16384K), 16 survivors (16384K)
}
Event: 104.237 {heap Before GC invocations=70 (full 0):
 garbage-first heap   total reserved 1048576K, committed 336896K, used 184211K [0x00000000c0000000, 0x0000000100000000)
  region size 1024K, 41 young (41984K), 16 survivors (16384K)
}
Event: 104.267 {heap After GC invocations=71 (full 0):
 garbage-first heap   total reserved 1048576K, committed 336896K, used 163745K [0x00000000c0000000, 0x0000000100000000)
  region size 1024K, 4 young (4096K), 4 survivors (4096K)
}
Event: 115.196 {heap Before GC invocations=72 (full 0):
 garbage-first heap   total reserved 1048576K, committed 336896K, used 291745K [0x00000000c0000000, 0x0000000100000000)
  region size 1024K, 127 young (130048K), 4 survivors (4096K)
}
Event: 115.219 {heap After GC invocations=73 (full 0):
 garbage-first heap   total reserved 1048576K, committed 336896K, used 168102K [0x00000000c0000000, 0x0000000100000000)
  region size 1024K, 9 young (9216K), 9 survivors (9216K)
}
Event: 130.852 {heap Before GC invocations=73 (full 0):
 garbage-first heap   total reserved 1048576K, committed 336896K, used 293030K [0x00000000c0000000, 0x0000000100000000)
  region size 1024K, 132 young (135168K), 9 survivors (9216K)
}
Event: 130.926 {heap After GC invocations=74 (full 0):
 garbage-first heap   total reserved 1048576K, committed 336896K, used 172936K [0x00000000c0000000, 0x0000000100000000)
  region size 1024K, 17 young (17408K), 17 survivors (17408K)
}
Event: 142.945 {heap Before GC invocations=74 (full 0):
 garbage-first heap   total reserved 1048576K, committed 336896K, used 297864K [0x00000000c0000000, 0x0000000100000000)
  region size 1024K, 140 young (143360K), 17 survivors (17408K)
}
Event: 143.025 {heap After GC invocations=75 (full 0):
 garbage-first heap   total reserved 1048576K, committed 336896K, used 180571K [0x00000000c0000000, 0x0000000100000000)
  region size 1024K, 16 young (16384K), 16 survivors (16384K)
}
Event: 356.491 {heap Before GC invocations=76 (full 0):
 garbage-first heap   total reserved 1048576K, committed 336896K, used 302427K [0x00000000c0000000, 0x0000000100000000)
  region size 1024K, 136 young (139264K), 16 survivors (16384K)
}
Event: 359.251 {heap After GC invocations=77 (full 0):
 garbage-first heap   total reserved 1048576K, committed 344064K, used 204288K [0x00000000c0000000, 0x0000000100000000)
  region size 1024K, 17 young (17408K), 17 survivors (17408K)
}
Event: 362.296 {heap Before GC invocations=77 (full 0):
 garbage-first heap   total reserved 1048576K, committed 344064K, used 304640K [0x00000000c0000000, 0x0000000100000000)
  region size 1024K, 113 young (115712K), 17 survivors (17408K)
}
Event: 362.402 {heap After GC invocations=78 (full 0):
 garbage-first heap   total reserved 1048576K, committed 362496K, used 240128K [0x00000000c0000000, 0x0000000100000000)
  region size 1024K, 15 young (15360K), 15 survivors (15360K)
}
Event: 362.418 {heap Before GC invocations=78 (full 0):
 garbage-first heap   total reserved 1048576K, committed 362496K, used 242176K [0x00000000c0000000, 0x0000000100000000)
  region size 1024K, 17 young (17408K), 15 survivors (15360K)
}
Event: 362.445 {heap After GC invocations=79 (full 0):
 garbage-first heap   total reserved 1048576K, committed 362496K, used 244224K [0x00000000c0000000, 0x0000000100000000)
  region size 1024K, 3 young (3072K), 3 survivors (3072K)
}

Metaspace Usage History (20 events):
Event: 90.678 {metaspace Before GC invocations=66 (full 0):
 Metaspace       used 171302K, committed 173568K, reserved 524288K
  class space    used 23701K, committed 24768K, reserved 327680K
}
Event: 90.692 {metaspace After GC invocations=67 (full 0):
 Metaspace       used 171302K, committed 173568K, reserved 524288K
  class space    used 23701K, committed 24768K, reserved 327680K
}
Event: 97.809 {metaspace Before GC invocations=68 (full 0):
 Metaspace       used 177983K, committed 180352K, reserved 524288K
  class space    used 24566K, committed 25664K, reserved 327680K
}
Event: 97.832 {metaspace After GC invocations=69 (full 0):
 Metaspace       used 177983K, committed 180352K, reserved 524288K
  class space    used 24566K, committed 25664K, reserved 327680K
}
Event: 101.852 {metaspace Before GC invocations=69 (full 0):
 Metaspace       used 179608K, committed 182016K, reserved 524288K
  class space    used 24742K, committed 25856K, reserved 327680K
}
Event: 101.885 {metaspace After GC invocations=70 (full 0):
 Metaspace       used 179608K, committed 182016K, reserved 524288K
  class space    used 24742K, committed 25856K, reserved 327680K
}
Event: 104.237 {metaspace Before GC invocations=70 (full 0):
 Metaspace       used 184274K, committed 186560K, reserved 524288K
  class space    used 25418K, committed 26496K, reserved 327680K
}
Event: 104.267 {metaspace After GC invocations=71 (full 0):
 Metaspace       used 184274K, committed 186560K, reserved 524288K
  class space    used 25418K, committed 26496K, reserved 327680K
}
Event: 115.196 {metaspace Before GC invocations=72 (full 0):
 Metaspace       used 196881K, committed 199296K, reserved 524288K
  class space    used 27077K, committed 28224K, reserved 327680K
}
Event: 115.219 {metaspace After GC invocations=73 (full 0):
 Metaspace       used 196881K, committed 199296K, reserved 524288K
  class space    used 27077K, committed 28224K, reserved 327680K
}
Event: 130.853 {metaspace Before GC invocations=73 (full 0):
 Metaspace       used 200769K, committed 203136K, reserved 524288K
  class space    used 27564K, committed 28672K, reserved 327680K
}
Event: 130.926 {metaspace After GC invocations=74 (full 0):
 Metaspace       used 200769K, committed 203136K, reserved 524288K
  class space    used 27564K, committed 28672K, reserved 327680K
}
Event: 142.945 {metaspace Before GC invocations=74 (full 0):
 Metaspace       used 211458K, committed 213888K, reserved 524288K
  class space    used 28690K, committed 29824K, reserved 327680K
}
Event: 143.025 {metaspace After GC invocations=75 (full 0):
 Metaspace       used 211458K, committed 213888K, reserved 524288K
  class space    used 28690K, committed 29824K, reserved 327680K
}
Event: 356.491 {metaspace Before GC invocations=76 (full 0):
 Metaspace       used 213170K, committed 215616K, reserved 524288K
  class space    used 28815K, committed 29952K, reserved 327680K
}
Event: 359.251 {metaspace After GC invocations=77 (full 0):
 Metaspace       used 213170K, committed 215616K, reserved 524288K
  class space    used 28815K, committed 29952K, reserved 327680K
}
Event: 362.296 {metaspace Before GC invocations=77 (full 0):
 Metaspace       used 213433K, committed 215872K, reserved 524288K
  class space    used 28816K, committed 29952K, reserved 327680K
}
Event: 362.402 {metaspace After GC invocations=78 (full 0):
 Metaspace       used 213433K, committed 215872K, reserved 524288K
  class space    used 28816K, committed 29952K, reserved 327680K
}
Event: 362.419 {metaspace Before GC invocations=78 (full 0):
 Metaspace       used 213435K, committed 215872K, reserved 524288K
  class space    used 28816K, committed 29952K, reserved 327680K
}
Event: 362.445 {metaspace After GC invocations=79 (full 0):
 Metaspace       used 213435K, committed 215872K, reserved 524288K
  class space    used 28816K, committed 29952K, reserved 327680K
}

Dll operation events (3 events):
Event: 0.036 Loaded shared library C:\Program Files\Android\Android Studio\jbr\bin\java.dll
Event: 0.054 Loaded shared library C:\Program Files\Android\Android Studio\jbr\bin\zip.dll
Event: 1.797 Loaded shared library C:\Program Files\Android\Android Studio\jbr\bin\verify.dll

Deoptimization events (20 events):
Event: 359.707 Thread 0x0000013961d0dfc0 DEOPT PACKING pc=0x000001392e3a0c3d sp=0x0000000cfdcf2c30
Event: 359.707 Thread 0x0000013961d0dfc0 DEOPT UNPACKING pc=0x0000013933c31702 sp=0x0000000cfdcf2200 mode 0
Event: 359.776 Thread 0x0000013961d0dfc0 DEOPT PACKING pc=0x000001392e3a0c3d sp=0x0000000cfdcf2c30
Event: 359.776 Thread 0x0000013961d0dfc0 DEOPT UNPACKING pc=0x0000013933c31702 sp=0x0000000cfdcf2200 mode 0
Event: 361.433 Thread 0x0000013961d0dfc0 Uncommon trap: trap_request=0xffffffbe fr.pc=0x0000013934492a5c relative=0x000000000000075c
Event: 361.433 Thread 0x0000013961d0dfc0 Uncommon trap: reason=profile_predicate action=maybe_recompile pc=0x0000013934492a5c method=org.jetbrains.kotlin.com.intellij.openapi.util.text.StringUtilRt.equal(Ljava/lang/CharSequence;Ljava/lang/CharSequence;Z)Z @ 47 c2
Event: 361.433 Thread 0x0000013961d0dfc0 DEOPT PACKING pc=0x0000013934492a5c sp=0x0000000cfdcedfe0
Event: 361.433 Thread 0x0000013961d0dfc0 DEOPT UNPACKING pc=0x0000013933cf8582 sp=0x0000000cfdcedf88 mode 2
Event: 361.434 Thread 0x0000013961d0dfc0 Uncommon trap: trap_request=0xffffffbe fr.pc=0x0000013934492a5c relative=0x000000000000075c
Event: 361.434 Thread 0x0000013961d0dfc0 Uncommon trap: reason=profile_predicate action=maybe_recompile pc=0x0000013934492a5c method=org.jetbrains.kotlin.com.intellij.openapi.util.text.StringUtilRt.equal(Ljava/lang/CharSequence;Ljava/lang/CharSequence;Z)Z @ 47 c2
Event: 361.434 Thread 0x0000013961d0dfc0 DEOPT PACKING pc=0x0000013934492a5c sp=0x0000000cfdcedfe0
Event: 361.434 Thread 0x0000013961d0dfc0 DEOPT UNPACKING pc=0x0000013933cf8582 sp=0x0000000cfdcedf88 mode 2
Event: 361.775 Thread 0x0000013961d0dfc0 Uncommon trap: trap_request=0xffffffbe fr.pc=0x00000139346c1c84 relative=0x000000000000c404
Event: 361.775 Thread 0x0000013961d0dfc0 Uncommon trap: reason=profile_predicate action=maybe_recompile pc=0x00000139346c1c84 method=org.jetbrains.org.objectweb.asm.ClassReader.accept(Lorg/jetbrains/org/objectweb/asm/ClassVisitor;[Lorg/jetbrains/org/objectweb/asm/Attribute;I)V @ 1152 c2
Event: 361.775 Thread 0x0000013961d0dfc0 DEOPT PACKING pc=0x00000139346c1c84 sp=0x0000000cfdceba70
Event: 361.775 Thread 0x0000013961d0dfc0 DEOPT UNPACKING pc=0x0000013933cf8582 sp=0x0000000cfdceba48 mode 2
Event: 362.133 Thread 0x0000013961d0dfc0 Uncommon trap: trap_request=0xffffffbe fr.pc=0x00000139346c1c84 relative=0x000000000000c404
Event: 362.133 Thread 0x0000013961d0dfc0 Uncommon trap: reason=profile_predicate action=maybe_recompile pc=0x00000139346c1c84 method=org.jetbrains.org.objectweb.asm.ClassReader.accept(Lorg/jetbrains/org/objectweb/asm/ClassVisitor;[Lorg/jetbrains/org/objectweb/asm/Attribute;I)V @ 1152 c2
Event: 362.133 Thread 0x0000013961d0dfc0 DEOPT PACKING pc=0x00000139346c1c84 sp=0x0000000cfdcf04d0
Event: 362.133 Thread 0x0000013961d0dfc0 DEOPT UNPACKING pc=0x0000013933cf8582 sp=0x0000000cfdcf04a8 mode 2

Classes loaded (20 events):
Event: 139.922 Loading class java/time/temporal/TemporalQueries$5
Event: 139.922 Loading class java/time/temporal/TemporalQueries$5 done
Event: 139.922 Loading class java/time/temporal/TemporalQueries$6
Event: 139.922 Loading class java/time/temporal/TemporalQueries$6 done
Event: 139.922 Loading class java/time/temporal/TemporalQueries$7
Event: 139.923 Loading class java/time/temporal/TemporalQueries$7 done
Event: 139.924 Loading class java/time/LocalDate$1
Event: 139.925 Loading class java/time/LocalDate$1 done
Event: 140.446 Loading class java/time/Clock
Event: 140.447 Loading class java/time/InstantSource
Event: 140.448 Loading class java/time/InstantSource done
Event: 140.448 Loading class java/time/Clock done
Event: 140.448 Loading class java/time/Instant$1
Event: 140.448 Loading class java/time/Instant$1 done
Event: 140.562 Loading class java/util/concurrent/CompletableFuture$AsyncRun
Event: 140.564 Loading class java/util/concurrent/CompletableFuture$AsyncRun done
Event: 341.444 Loading class jdk/internal/math/FormattedFPDecimal
Event: 342.569 Loading class jdk/internal/math/FormattedFPDecimal done
Event: 361.184 Loading class java/util/concurrent/locks/AbstractQueuedLongSynchronizer$Node
Event: 361.230 Loading class java/util/concurrent/locks/AbstractQueuedLongSynchronizer$Node done

Classes unloaded (0 events):
No events

Classes redefined (0 events):
No events

Internal exceptions (20 events):
Event: 354.168 Thread 0x0000013961d0dfc0 Exception <a 'sun/nio/fs/WindowsException'{0x00000000cfdb33f0}> (0x00000000cfdb33f0) 
thrown [s\src\hotspot\share\prims\jni.cpp, line 535]
Event: 354.214 Thread 0x0000013961d0dfc0 Exception <a 'sun/nio/fs/WindowsException'{0x00000000cfa2f808}> (0x00000000cfa2f808) 
thrown [s\src\hotspot\share\prims\jni.cpp, line 535]
Event: 354.219 Thread 0x0000013961d0dfc0 Exception <a 'sun/nio/fs/WindowsException'{0x00000000cfa342f8}> (0x00000000cfa342f8) 
thrown [s\src\hotspot\share\prims\jni.cpp, line 535]
Event: 354.221 Thread 0x0000013961d0dfc0 Exception <a 'sun/nio/fs/WindowsException'{0x00000000cfa3b730}> (0x00000000cfa3b730) 
thrown [s\src\hotspot\share\prims\jni.cpp, line 535]
Event: 354.227 Thread 0x0000013961d0dfc0 Exception <a 'sun/nio/fs/WindowsException'{0x00000000cfa45360}> (0x00000000cfa45360) 
thrown [s\src\hotspot\share\prims\jni.cpp, line 535]
Event: 354.228 Thread 0x0000013961d0dfc0 Exception <a 'sun/nio/fs/WindowsException'{0x00000000cfa46cf0}> (0x00000000cfa46cf0) 
thrown [s\src\hotspot\share\prims\jni.cpp, line 535]
Event: 354.229 Thread 0x0000013961d0dfc0 Exception <a 'sun/nio/fs/WindowsException'{0x00000000cfa4a540}> (0x00000000cfa4a540) 
thrown [s\src\hotspot\share\prims\jni.cpp, line 535]
Event: 354.230 Thread 0x0000013961d0dfc0 Exception <a 'sun/nio/fs/WindowsException'{0x00000000cfa4c0f0}> (0x00000000cfa4c0f0) 
thrown [s\src\hotspot\share\prims\jni.cpp, line 535]
Event: 354.237 Thread 0x0000013961d0dfc0 Exception <a 'sun/nio/fs/WindowsException'{0x00000000cfa51268}> (0x00000000cfa51268) 
thrown [s\src\hotspot\share\prims\jni.cpp, line 535]
Event: 354.238 Thread 0x0000013961d0dfc0 Exception <a 'sun/nio/fs/WindowsException'{0x00000000cfa53130}> (0x00000000cfa53130) 
thrown [s\src\hotspot\share\prims\jni.cpp, line 535]
Event: 354.239 Thread 0x0000013961d0dfc0 Exception <a 'sun/nio/fs/WindowsException'{0x00000000cfa55250}> (0x00000000cfa55250) 
thrown [s\src\hotspot\share\prims\jni.cpp, line 535]
Event: 354.239 Thread 0x0000013961d0dfc0 Exception <a 'sun/nio/fs/WindowsException'{0x00000000cfa57630}> (0x00000000cfa57630) 
thrown [s\src\hotspot\share\prims\jni.cpp, line 535]
Event: 354.241 Thread 0x0000013961d0dfc0 Exception <a 'sun/nio/fs/WindowsException'{0x00000000cfa5a6c8}> (0x00000000cfa5a6c8) 
thrown [s\src\hotspot\share\prims\jni.cpp, line 535]
Event: 354.242 Thread 0x0000013961d0dfc0 Exception <a 'sun/nio/fs/WindowsException'{0x00000000cfa5c550}> (0x00000000cfa5c550) 
thrown [s\src\hotspot\share\prims\jni.cpp, line 535]
Event: 354.244 Thread 0x0000013961d0dfc0 Exception <a 'sun/nio/fs/WindowsException'{0x00000000cfa5f608}> (0x00000000cfa5f608) 
thrown [s\src\hotspot\share\prims\jni.cpp, line 535]
Event: 354.358 Thread 0x0000013961d0dfc0 Exception <a 'sun/nio/fs/WindowsException'{0x00000000cfa752a8}> (0x00000000cfa752a8) 
thrown [s\src\hotspot\share\prims\jni.cpp, line 535]
Event: 354.430 Thread 0x0000013961d0dfc0 Exception <a 'sun/nio/fs/WindowsException'{0x00000000cf925250}> (0x00000000cf925250) 
thrown [s\src\hotspot\share\prims\jni.cpp, line 535]
Event: 354.431 Thread 0x0000013961d0dfc0 Exception <a 'sun/nio/fs/WindowsException'{0x00000000cf927628}> (0x00000000cf927628) 
thrown [s\src\hotspot\share\prims\jni.cpp, line 535]
Event: 354.605 Thread 0x0000013961d0dfc0 Exception <a 'sun/nio/fs/WindowsException'{0x00000000cf9432a0}> (0x00000000cf9432a0) 
thrown [s\src\hotspot\share\prims\jni.cpp, line 535]
Event: 355.054 Thread 0x0000013946578120 Exception <a 'sun/nio/fs/WindowsException'{0x00000000cf593698}> (0x00000000cf593698) 
thrown [s\src\hotspot\share\prims\jni.cpp, line 535]

VM Operations (20 events):
Event: 180.356 Executing non-safepoint VM operation: RendezvousGCThreads
Event: 180.356 Executing non-safepoint VM operation: RendezvousGCThreads done
Event: 240.500 Executing non-safepoint VM operation: HandshakeAllThreads (HandshakeForDeflation)
Event: 240.693 Executing non-safepoint VM operation: HandshakeAllThreads (HandshakeForDeflation) done
Event: 240.693 Executing non-safepoint VM operation: RendezvousGCThreads
Event: 240.693 Executing non-safepoint VM operation: RendezvousGCThreads done
Event: 300.588 Executing non-safepoint VM operation: HandshakeAllThreads (HandshakeForDeflation)
Event: 300.594 Executing non-safepoint VM operation: HandshakeAllThreads (HandshakeForDeflation) done
Event: 300.594 Executing non-safepoint VM operation: RendezvousGCThreads
Event: 300.594 Executing non-safepoint VM operation: RendezvousGCThreads done
Event: 356.488 Executing safepoint VM operation: G1CollectForAllocation (G1 Evacuation Pause)
Event: 359.251 Executing safepoint VM operation: G1CollectForAllocation (G1 Evacuation Pause) done
Event: 360.711 Executing non-safepoint VM operation: HandshakeAllThreads (HandshakeForDeflation)
Event: 360.711 Executing non-safepoint VM operation: HandshakeAllThreads (HandshakeForDeflation) done
Event: 360.711 Executing non-safepoint VM operation: RendezvousGCThreads
Event: 360.711 Executing non-safepoint VM operation: RendezvousGCThreads done
Event: 362.296 Executing safepoint VM operation: G1CollectForAllocation (G1 Evacuation Pause)
Event: 362.402 Executing safepoint VM operation: G1CollectForAllocation (G1 Evacuation Pause) done
Event: 362.418 Executing safepoint VM operation: G1CollectForAllocation (G1 Evacuation Pause)
Event: 362.445 Executing safepoint VM operation: G1CollectForAllocation (G1 Evacuation Pause) done

Memory protections (0 events):
No events

Nmethod flushes (20 events):
Event: 143.981 Thread 0x000001392925acc0 flushing  nmethod 0x000001392d182188
Event: 143.981 Thread 0x000001392925acc0 flushing  nmethod 0x000001392d182a88
Event: 143.981 Thread 0x000001392925acc0 flushing  nmethod 0x000001392d196388
Event: 143.981 Thread 0x000001392925acc0 flushing  nmethod 0x000001392d19dd08
Event: 143.981 Thread 0x000001392925acc0 flushing  nmethod 0x000001392d19e388
Event: 143.981 Thread 0x000001392925acc0 flushing  nmethod 0x000001392d1a5108
Event: 143.981 Thread 0x000001392925acc0 flushing  nmethod 0x000001392d1a8988
Event: 143.981 Thread 0x000001392925acc0 flushing  nmethod 0x000001392d1ae588
Event: 143.981 Thread 0x000001392925acc0 flushing  nmethod 0x000001392d1b3888
Event: 143.981 Thread 0x000001392925acc0 flushing  nmethod 0x000001392d1b3f08
Event: 143.981 Thread 0x000001392925acc0 flushing  nmethod 0x000001392d1b4b08
Event: 143.981 Thread 0x000001392925acc0 flushing  nmethod 0x000001392d1b4f88
Event: 143.981 Thread 0x000001392925acc0 flushing  nmethod 0x000001392d1b6008
Event: 143.981 Thread 0x000001392925acc0 flushing  nmethod 0x000001392d1ba388
Event: 143.981 Thread 0x000001392925acc0 flushing  nmethod 0x000001392d1ba808
Event: 143.981 Thread 0x000001392925acc0 flushing  nmethod 0x000001392d1bac88
Event: 143.982 Thread 0x000001392925acc0 flushing  nmethod 0x000001392d216008
Event: 143.982 Thread 0x000001392925acc0 flushing  nmethod 0x000001392d35f888
Event: 143.982 Thread 0x000001392925acc0 flushing  nmethod 0x000001392d3e9d88
Event: 143.982 Thread 0x000001392925acc0 flushing  nmethod 0x000001392dbee608

Events (20 events):
Event: 203.522 Thread 0x00000139465dcec0 Thread exited: 0x00000139465dcec0
Event: 339.425 Thread 0x0000013944f7f0b0 Thread added: 0x0000013961d0c850
Event: 339.452 Thread 0x0000013944f7f0b0 Thread added: 0x0000013961d0a910
Event: 339.503 Thread 0x0000013961d0c850 Thread added: 0x0000013961d0d020
Event: 339.504 Thread 0x0000013961d0a910 Thread added: 0x0000013961d0d7f0
Event: 340.094 Thread 0x0000013961d0c850 Thread added: 0x0000013961d0ff00
Event: 340.199 Thread 0x0000013961d0c850 Thread added: 0x0000013961d0dfc0
Event: 340.581 Thread 0x0000013961d0dfc0 Thread added: 0x0000013961d10ea0
Event: 341.040 Thread 0x0000013961d0d7f0 Thread exited: 0x0000013961d0d7f0
Event: 342.777 Thread 0x0000013961d0dfc0 Thread added: 0x0000013961d0e790
Event: 342.786 Thread 0x0000013961d0dfc0 Thread added: 0x0000013961d11670
Event: 344.578 Thread 0x0000013961d0dfc0 Thread added: 0x000001393f305350
Event: 344.613 Thread 0x0000013961d0dfc0 Thread added: 0x000001393f307290
Event: 345.573 Thread 0x0000013961d0dfc0 Thread added: 0x000001393f3062f0
Event: 346.513 Thread 0x0000013961d0dfc0 Thread added: 0x000001393f306ac0
Event: 346.559 Thread 0x0000013961d0dfc0 Thread added: 0x000001393f307a60
Event: 348.661 Thread 0x0000013961d0dfc0 Thread added: 0x0000013947fb2060
Event: 348.663 Thread 0x0000013961d0dfc0 Thread added: 0x0000013947fb5710
Event: 350.450 Thread 0x0000013961d0dfc0 Thread added: 0x0000013947fb66b0
Event: 350.450 Thread 0x0000013961d0dfc0 Thread added: 0x0000013947fb6e80


Dynamic libraries:
0x00007ff61bb70000 - 0x00007ff61bb7a000 	C:\Program Files\Android\Android Studio\jbr\bin\java.exe
0x00007ffeeee80000 - 0x00007ffeef0e6000 	C:\WINDOWS\SYSTEM32\ntdll.dll
0x00007ffeedce0000 - 0x00007ffeedda9000 	C:\WINDOWS\System32\KERNEL32.DLL
0x00007ffeec460000 - 0x00007ffeec85f000 	C:\WINDOWS\System32\KERNELBASE.dll
0x00007ffeec870000 - 0x00007ffeec9bc000 	C:\WINDOWS\System32\ucrtbase.dll
0x00007ffee55a0000 - 0x00007ffee55bb000 	C:\Program Files\Android\Android Studio\jbr\bin\VCRUNTIME140.dll
0x00007ffee5c00000 - 0x00007ffee5c16000 	C:\Program Files\Android\Android Studio\jbr\bin\jli.dll
0x00007ffeee7e0000 - 0x00007ffeee9a6000 	C:\WINDOWS\System32\USER32.dll
0x00007ffecfb00000 - 0x00007ffecfd91000 	C:\WINDOWS\WinSxS\amd64_microsoft.windows.common-controls_6595b64144ccf1df_6.0.26100.8972_none_3e0da176e32f9d4b\COMCTL32.dll
0x00007ffeed8b0000 - 0x00007ffeed959000 	C:\WINDOWS\System32\msvcrt.dll
0x00007ffeecee0000 - 0x00007ffeecf0b000 	C:\WINDOWS\System32\GDI32.dll
0x00007ffeec430000 - 0x00007ffeec457000 	C:\WINDOWS\System32\win32u.dll
0x00007ffeeca80000 - 0x00007ffeecba9000 	C:\WINDOWS\System32\gdi32full.dll
0x00007ffeec9d0000 - 0x00007ffeeca73000 	C:\WINDOWS\System32\msvcp_win.dll
0x00007ffeed960000 - 0x00007ffeed992000 	C:\WINDOWS\System32\IMM32.DLL
0x00007ffee6ed0000 - 0x00007ffee6edc000 	C:\Program Files\Android\Android Studio\jbr\bin\vcruntime140_1.dll
0x00007ffeb1650000 - 0x00007ffeb16dd000 	C:\Program Files\Android\Android Studio\jbr\bin\msvcp140.dll
0x00007ffe77470000 - 0x00007ffe7834d000 	C:\Program Files\Android\Android Studio\jbr\bin\server\jvm.dll
0x00007ffeee5a0000 - 0x00007ffeee65c000 	C:\WINDOWS\System32\ADVAPI32.dll
0x00007ffeed190000 - 0x00007ffeed23a000 	C:\WINDOWS\System32\sechost.dll
0x00007ffeed070000 - 0x00007ffeed188000 	C:\WINDOWS\System32\RPCRT4.dll
0x00007ffeed9a0000 - 0x00007ffeeda22000 	C:\WINDOWS\System32\WS2_32.dll
0x00007ffeebef0000 - 0x00007ffeebf4e000 	C:\WINDOWS\SYSTEM32\POWRPROF.dll
0x00007ffee51b0000 - 0x00007ffee51e6000 	C:\WINDOWS\SYSTEM32\WINMM.dll
0x00007ffee51f0000 - 0x00007ffee51fb000 	C:\WINDOWS\SYSTEM32\VERSION.dll
0x00007ffeebed0000 - 0x00007ffeebee5000 	C:\WINDOWS\SYSTEM32\UMPDC.dll
0x00007ffeead80000 - 0x00007ffeead9b000 	C:\WINDOWS\SYSTEM32\kernel.appcore.dll
0x00007ffee59b0000 - 0x00007ffee59ba000 	C:\Program Files\Android\Android Studio\jbr\bin\jimage.dll
0x00007ffedf4f0000 - 0x00007ffedf732000 	C:\WINDOWS\SYSTEM32\DBGHELP.DLL
0x00007ffeee9b0000 - 0x00007ffeeed35000 	C:\WINDOWS\System32\combase.dll
0x00007ffeecbb0000 - 0x00007ffeecc89000 	C:\WINDOWS\System32\OLEAUT32.dll
0x00007ffecf260000 - 0x00007ffecf29b000 	C:\WINDOWS\SYSTEM32\dbgcore.DLL
0x00007ffeec090000 - 0x00007ffeec13c000 	C:\WINDOWS\System32\bcryptPrimitives.dll
0x00007ffee5bd0000 - 0x00007ffee5bde000 	C:\Program Files\Android\Android Studio\jbr\bin\instrument.dll
0x00007ffee1f20000 - 0x00007ffee1f3e000 	C:\Program Files\Android\Android Studio\jbr\bin\java.dll
0x00007ffeeccf0000 - 0x00007ffeece89000 	C:\WINDOWS\System32\ole32.dll
0x00007ffeedde0000 - 0x00007ffeee568000 	C:\WINDOWS\System32\SHELL32.dll
0x00007ffee1a10000 - 0x00007ffee1a26000 	C:\Program Files\Android\Android Studio\jbr\bin\zip.dll
0x00007ffee9b80000 - 0x00007ffeea41b000 	C:\WINDOWS\SYSTEM32\windows.storage.dll
0x00007ffeeed40000 - 0x00007ffeeee39000 	C:\WINDOWS\System32\SHCORE.dll
0x00007ffeedbc0000 - 0x00007ffeedc26000 	C:\WINDOWS\System32\shlwapi.dll
0x00007ffeebfb0000 - 0x00007ffeebfd9000 	C:\WINDOWS\SYSTEM32\profapi.dll
0x00007ffee1f70000 - 0x00007ffee1f80000 	C:\Program Files\Android\Android Studio\jbr\bin\net.dll
0x00007ffeeb330000 - 0x00007ffeeb39c000 	C:\WINDOWS\system32\mswsock.dll
0x00007ffee19f0000 - 0x00007ffee1a06000 	C:\Program Files\Android\Android Studio\jbr\bin\nio.dll
0x00007ffee8f00000 - 0x00007ffee8f10000 	C:\Program Files\Android\Android Studio\jbr\bin\verify.dll
0x00007ffed1990000 - 0x00007ffed19b7000 	C:\Users\oreag\.gradle\native\660c5614fbf4a5f2a75b1949f50a0caf5cd603558e7d8a26e50b933a0cfb79d1\windows-amd64\native-platform.dll
0x00007ffeca8c0000 - 0x00007ffeca937000 	C:\Users\oreag\.gradle\native\0.2.8\x86_64-windows-gnu\gradle-fileevents.dll
0x00007ffee1ef0000 - 0x00007ffee1ef9000 	C:\Program Files\Android\Android Studio\jbr\bin\management.dll
0x00007ffee1ee0000 - 0x00007ffee1eeb000 	C:\Program Files\Android\Android Studio\jbr\bin\management_ext.dll
0x00007ffeeddc0000 - 0x00007ffeeddc8000 	C:\WINDOWS\System32\PSAPI.DLL
0x00007ffeea750000 - 0x00007ffeea783000 	C:\WINDOWS\SYSTEM32\IPHLPAPI.DLL
0x00007ffeeddd0000 - 0x00007ffeeddda000 	C:\WINDOWS\System32\NSI.dll
0x00007ffee1f00000 - 0x00007ffee1f09000 	C:\Program Files\Android\Android Studio\jbr\bin\extnet.dll
0x00007ffeeb640000 - 0x00007ffeeb65b000 	C:\WINDOWS\SYSTEM32\CRYPTSP.dll
0x00007ffeeace0000 - 0x00007ffeead19000 	C:\WINDOWS\system32\rsaenh.dll
0x00007ffeeb3e0000 - 0x00007ffeeb412000 	C:\WINDOWS\SYSTEM32\USERENV.dll
0x00007ffeebf80000 - 0x00007ffeebfaa000 	C:\WINDOWS\SYSTEM32\bcrypt.dll
0x00007ffeeb620000 - 0x00007ffeeb62c000 	C:\WINDOWS\SYSTEM32\CRYPTBASE.dll
0x00007ffedc870000 - 0x00007ffedc878000 	C:\WINDOWS\system32\wshunix.dll
0x00007ffeea7e0000 - 0x00007ffeea938000 	C:\WINDOWS\SYSTEM32\DNSAPI.dll
0x00007ffeeb110000 - 0x00007ffeeb11d000 	C:\WINDOWS\SYSTEM32\DSPARSE.dll
0x00007ffee2210000 - 0x00007ffee221b000 	C:\Windows\System32\rasadhlp.dll
0x00007ffedff90000 - 0x00007ffee0016000 	C:\WINDOWS\System32\fwpuclnt.dll

JVMTI agents:
C:\Users\oreag\.gradle\wrapper\dists\gradle-9.6.0-bin\42k10rwplmzkhuboz9kdazi7s\gradle-9.6.0\lib\agents\gradle-instrumentation-agent-9.6.0.jar path:C:\Program Files\Android\Android Studio\jbr\bin\instrument.dll, loaded, initialized, instrumentlib options:none

dbghelp: loaded successfully - version: 4.0.5 - missing functions: none
symbol engine: initialized successfully - sym options: 0x614 - pdb path: .;C:\Program Files\Android\Android Studio\jbr\bin;C:\WINDOWS\SYSTEM32;C:\WINDOWS\WinSxS\amd64_microsoft.windows.common-controls_6595b64144ccf1df_6.0.26100.8972_none_3e0da176e32f9d4b;C:\Program Files\Android\Android Studio\jbr\bin\server;C:\Users\oreag\.gradle\native\660c5614fbf4a5f2a75b1949f50a0caf5cd603558e7d8a26e50b933a0cfb79d1\windows-amd64;C:\Users\oreag\.gradle\native\0.2.8\x86_64-windows-gnu

VM Arguments:
jvm_args: --add-opens=java.base/java.lang=ALL-UNNAMED --add-opens=java.base/java.lang.invoke=ALL-UNNAMED --add-opens=java.base/java.util=ALL-UNNAMED --add-opens=java.prefs/java.util.prefs=ALL-UNNAMED --add-exports=jdk.compiler/com.sun.tools.javac.api=ALL-UNNAMED --add-exports=jdk.compiler/com.sun.tools.javac.util=ALL-UNNAMED --add-opens=java.base/java.nio.charset=ALL-UNNAMED --add-opens=java.base/java.net=ALL-UNNAMED --add-opens=java.base/java.util.concurrent=ALL-UNNAMED --add-opens=java.base/java.util.concurrent.atomic=ALL-UNNAMED --add-opens=java.xml/javax.xml.namespace=ALL-UNNAMED --add-opens=java.base/java.time=ALL-UNNAMED --enable-native-access=ALL-UNNAMED -XX:MaxMetaspaceSize=384m -Xmx1024m -Dfile.encoding=UTF-8 -Duser.country=ZA -Duser.language=en -Duser.variant -javaagent:C:\Users\oreag\.gradle\wrapper\dists\gradle-9.6.0-bin\42k10rwplmzkhuboz9kdazi7s\gradle-9.6.0\lib\agents\gradle-instrumentation-agent-9.6.0.jar 
java_command: org.gradle.launcher.daemon.bootstrap.GradleDaemon 9.6.0
java_class_path (initial): C:\Users\oreag\.gradle\wrapper\dists\gradle-9.6.0-bin\42k10rwplmzkhuboz9kdazi7s\gradle-9.6.0\lib\gradle-daemon-main-9.6.0.jar
Launcher Type: SUN_STANDARD

[Global flags]
     intx CICompilerCount                          = 3                                         {product} {ergonomic}
   size_t CompressedClassSpaceSize                 = 335544320                                 {product} {ergonomic}
     uint ConcGCThreads                            = 1                                         {product} {ergonomic}
     uint G1ConcRefinementThreads                  = 4                                         {product} {ergonomic}
   size_t G1HeapRegionSize                         = 1048576                                   {product} {ergonomic}
   size_t InitialHeapSize                          = 58720256                                  {product} {ergonomic}
   size_t MarkStackSize                            = 4194304                                   {product} {ergonomic}
   size_t MarkStackSizeMax                         = 536870912                                 {product} {ergonomic}
   size_t MaxHeapSize                              = 1073741824                                {product} {command line}
   size_t MaxMetaspaceSize                         = 402653184                                 {product} {command line}
   size_t MaxNewSize                               = 643825664                                 {product} {ergonomic}
   size_t MinHeapDeltaBytes                        = 1048576                                   {product} {ergonomic}
   size_t MinHeapSize                              = 8388608                                   {product} {ergonomic}
    uintx NonNMethodCodeHeapSize                   = 5898240                                {pd product} {ergonomic}
    uintx NonProfiledCodeHeapSize                  = 122945536                              {pd product} {ergonomic}
    uintx ProfiledCodeHeapSize                     = 122945536                              {pd product} {ergonomic}
    uintx ReservedCodeCacheSize                    = 251789312                              {pd product} {ergonomic}
     bool SegmentedCodeCache                       = true                                      {product} {ergonomic}
   size_t SoftMaxHeapSize                          = 1073741824                             {manageable} {ergonomic}
     bool UseCompressedOops                        = true                           {product lp64_product} {ergonomic}
     bool UseG1GC                                  = true                                      {product} {ergonomic}
     bool UseLargePagesIndividualAllocation        = false                                  {pd product} {ergonomic}

Logging:
Log output configuration:
 #0: stdout all=warning uptime,level,tags foldmultilines=false
 #1: stderr all=off uptime,level,tags foldmultilines=false

Release file:
JAVA_VERSION="25.0.3" 
MODULES="java.base java.compiler java.datatransfer java.xml java.prefs java.desktop java.instrument java.logging java.management java.security.sasl java.naming java.rmi java.management.rmi java.net.http java.scripting java.security.jgss java.transaction.xa java.sql java.sql.rowset java.xml.crypto java.se java.smartcardio jdk.accessibility jdk.internal.jvmstat jdk.attach jdk.charsets jdk.internal.opt jdk.zipfs jdk.compiler jdk.crypto.cryptoki jdk.crypto.ec jdk.dynalink jdk.hotspot.agent jdk.httpserver jdk.internal.ed jdk.internal.le jdk.internal.md jdk.internal.vm.ci jdk.jartool jdk.javadoc jdk.jcmd jdk.jdeps jdk.jdwp.agent jdk.jdi jdk.jfr jdk.jlink jdk.localedata jdk.management jdk.management.agent jdk.management.jfr jdk.naming.dns jdk.naming.rmi jdk.net jdk.sctp jdk.security.auth jdk.security.jgss jdk.unsupported jdk.unsupported.desktop jdk.xml.dom" 
IMPLEMENTOR="JetBrains s.r.o." 
JAVA_RUNTIME_VERSION="25.0.3+-15898627-b508.16" 
LIBC="default" 
OS_ARCH="x86_64" 
OS_NAME="Windows" 
SOURCE=".:git:a8b1dba3234f" 

Environment Variables:
PATH=C:\windows\system32;C:\windows;C:\windows\System32\Wbem;C:\windows\System32\WindowsPowerShell\v1.0\;C:\windows\System32\OpenSSH\;C:\WINDOWS\system32;C:\WINDOWS;C:\WINDOWS\System32\Wbem;C:\WINDOWS\System32\WindowsPowerShell\v1.0\;C:\WINDOWS\System32\OpenSSH\;C:\Program Files (x86)\Microsoft SQL Server\160\Tools\Binn\;C:\Program Files\Microsoft SQL Server\160\Tools\Binn\;C:\Program Files\Microsoft SQL Server\Client SDK\ODBC\170\Tools\Binn\;C:\Program Files\Microsoft SQL Server\160\DTS\Binn\;C:\Program Files (x86)\Microsoft SQL Server\160\DTS\Binn\;C:\Program Files (x86)\Windows Kits\10\Windows Performance Toolkit\;C:\Program Files\Git\cmd;C:\Users\oreag\AppData\Local\Microsoft\WindowsApps;
USERNAME=oreag
OS=Windows_NT
PROCESSOR_IDENTIFIER=AMD64 Family 23 Model 24 Stepping 1, AuthenticAMD
TMP=C:\Users\oreag\AppData\Local\Temp
TEMP=C:\Users\oreag\AppData\Local\Temp




Compilation memory statistics disabled.

Periodic native trim disabled

JNI global refs:
JNI global refs: 22, weak refs: 11

JNI global refs memory usage: 835, weak refs: 833

Process memory usage:
Resident Set Size: 445184K (12% of 3587844K total physical memory with 126668K free physical memory)

OOME stack traces (most recent first):
Classloader memory used:
Loader org.gradle.internal.classloader.VisitableURLClassLoader                         : 111 M
Loader org.gradle.internal.classloader.VisitableURLClassLoader$InstrumentingVisitableURLClassLoader: 41849 K
Loader bootstrap                                                                       : 33673 K
Loader org.gradle.initialization.MixInLegacyTypesClassLoader                           : 14118 K
Loader org.gradle.internal.classloader.VisitableURLClassLoader                         : 8509 K
Loader jdk.internal.jrtfs.JrtFileSystemProvider$JrtFsLoader                            : 327 K
Loader jdk.internal.loader.ClassLoaders$PlatformClassLoader                            : 214 K
Loader jdk.internal.loader.ClassLoaders$AppClassLoader                                 : 188 K
Loader org.gradle.groovy.scripts.internal.DefaultScriptCompilationHandler$ScriptClassLoader: 121 K

Classes loaded by more than one classloader:
Class Program                                                                         : loaded 5 times (x 74B)
Class com.google.common.collect.UnmodifiableListIterator                              : loaded 4 times (x 97B)
Class com.google.common.collect.UnmodifiableIterator                                  : loaded 4 times (x 82B)
Class com.google.common.collect.ImmutableList                                         : loaded 4 times (x 208B)
Class com.google.common.collect.Iterators$SingletonIterator                           : loaded 4 times (x 83B)
Class com.google.common.collect.Iterators                                             : loaded 4 times (x 73B)
Class com.google.common.collect.Lists$StringAsImmutableList                           : loaded 4 times (x 209B)
Class com.google.common.collect.AbstractIterator                                      : loaded 4 times (x 84B)
Class com.google.common.collect.AbstractIndexedListIterator                           : loaded 4 times (x 98B)
Class com.google.common.collect.Iterators$MergingIterator                             : loaded 4 times (x 83B)
Class com.google.common.collect.Iterators$1                                           : loaded 4 times (x 83B)
Class com.google.common.collect.PeekingIterator                                       : loaded 4 times (x 72B)
Class com.google.common.collect.Iterators$4                                           : loaded 4 times (x 84B)
Class com.google.common.base.Preconditions                                            : loaded 4 times (x 73B)
Class com.google.common.collect.Iterators$5                                           : loaded 4 times (x 84B)
Class com.google.common.collect.ImmutableCollection                                   : loaded 4 times (x 127B)
Class com.google.common.collect.Lists                                                 : loaded 4 times (x 73B)
Class com.google.common.collect.Iterators$9                                           : loaded 4 times (x 83B)
Class com.google.common.collect.Iterators$ArrayItr                                    : loaded 4 times (x 99B)
Class com.google.common.base.CharMatcher$NegatedFastMatcher                           : loaded 3 times (x 115B)
Class com.google.common.base.CharMatcher$IsEither                                     : loaded 3 times (x 113B)
Class com.google.common.base.Predicate                                                : loaded 3 times (x 72B)
Class com.google.common.base.CharMatcher$FastMatcher                                  : loaded 3 times (x 113B)
Class org.gradle.api.Action                                                           : loaded 3 times (x 72B)
Class org.gradle.internal.Cast                                                        : loaded 3 times (x 73B)
Class com.google.common.base.CharMatcher$Or                                           : loaded 3 times (x 114B)
Class com.google.common.collect.ImmutableSet                                          : loaded 3 times (x 147B)
Class [Lcom.google.gson.Strictness;                                                   : loaded 3 times (x 71B)
Class com.google.common.base.CharMatcher$BitSetMatcher                                : loaded 3 times (x 114B)
Class com.google.common.collect.RegularImmutableList                                  : loaded 3 times (x 215B)
Class com.google.common.base.Function                                                 : loaded 3 times (x 72B)
Class com.google.common.base.CharMatcher$IsNot                                        : loaded 3 times (x 113B)
Class com.google.common.collect.RegularImmutableSet                                   : loaded 3 times (x 150B)
Class org.gradle.api.GradleException                                                  : loaded 3 times (x 84B)
Class com.google.gson.Strictness                                                      : loaded 3 times (x 81B)
Class com.google.common.collect.ImmutableAsList                                       : loaded 3 times (x 211B)
Class org.gradle.internal.IoActions                                                   : loaded 3 times (x 73B)
Class com.google.common.collect.ImmutableSet$CachingAsList                            : loaded 3 times (x 150B)
Class com.google.common.collect.ImmutableSet$RegularSetBuilderImpl                    : loaded 3 times (x 78B)
Class com.google.common.base.CharMatcher$Negated                                      : loaded 3 times (x 115B)
Class com.google.common.base.CharMatcher$AnyOf                                        : loaded 3 times (x 114B)
Class com.google.common.base.CharMatcher$ForPredicate                                 : loaded 3 times (x 114B)
Class com.google.common.base.CharMatcher$Is                                           : loaded 3 times (x 113B)
Class com.google.common.base.Joiner$1                                                 : loaded 3 times (x 83B)
Class com.google.common.collect.SingletonImmutableSet                                 : loaded 3 times (x 148B)
Class com.google.common.base.CharMatcher                                              : loaded 3 times (x 113B)
Class com.google.common.collect.ImmutableList$ReverseImmutableList                    : loaded 3 times (x 211B)
Class com.google.gson.stream.MalformedJsonException                                   : loaded 3 times (x 84B)
Class com.google.common.collect.SingletonImmutableList                                : loaded 3 times (x 209B)
Class com.google.gson.stream.JsonReader                                               : loaded 3 times (x 99B)
Class com.google.common.base.ExtraObjectsMethodsForWeb                                : loaded 3 times (x 73B)
Class com.google.common.collect.Multimap                                              : loaded 3 times (x 72B)
Class com.google.common.base.Joiner$2                                                 : loaded 3 times (x 82B)
Class com.google.common.base.CharMatcher$NamedFastMatcher                             : loaded 3 times (x 114B)
Class com.google.common.base.Objects                                                  : loaded 3 times (x 73B)
Class com.google.common.base.CharMatcher$And                                          : loaded 3 times (x 114B)
Class com.google.common.base.CharMatcher$1                                            : loaded 3 times (x 115B)
Class com.google.common.base.CharMatcher$InRange                                      : loaded 3 times (x 113B)
Class com.google.common.collect.RegularImmutableAsList                                : loaded 3 times (x 219B)
Class com.google.common.collect.ImmutableList$Builder                                 : loaded 3 times (x 79B)
Class Build_gradle                                                                    : loaded 3 times (x 128B)
Class com.google.common.collect.ImmutableSet$SetBuilderImpl                           : loaded 3 times (x 78B)
Class com.google.common.base.Joiner                                                   : loaded 3 times (x 82B)
Class com.google.common.collect.ImmutableCollection$Builder                           : loaded 3 times (x 78B)
Class com.google.common.collect.ImmutableList$SubList                                 : loaded 3 times (x 211B)
Class com.google.common.collect.ImmutableList$1                                       : loaded 3 times (x 99B)
Class com.google.gson.internal.bind.JsonTreeReader                                    : loaded 2 times (x 99B)
Class com.google.gson.TypeAdapterFactory                                              : loaded 2 times (x 72B)
Class jdk.internal.jimage.decompressor.StringSharingDecompressorFactory               : loaded 2 times (x 76B)
Class com.intellij.util.ThrowableConsumer                                             : loaded 2 times (x 72B)
Class io.opentelemetry.api.internal.OtelEncodingUtils                                 : loaded 2 times (x 73B)
Class kotlin.sequences.TransformingSequence                                           : loaded 2 times (x 77B)
Class org.gradle.tooling.internal.adapter.MethodInvocation                            : loaded 2 times (x 87B)
Class org.gradle.internal.operations.MultipleBuildOperationFailures                   : loaded 2 times (x 97B)
Class kotlinx.coroutines.scheduling.CoroutineScheduler                                : loaded 2 times (x 83B)
Class kotlinx.coroutines.scheduling.SchedulerTimeSource                               : loaded 2 times (x 74B)
Class com.google.common.base.Platform$JdkPatternCompiler                              : loaded 2 times (x 77B)
Class org.objectweb.asm.MethodTooLargeException                                       : loaded 2 times (x 84B)
Class [Lcom.google.common.cache.CacheBuilder$OneWeigher;                              : loaded 2 times (x 71B)
Class com.google.common.base.Suppliers                                                : loaded 2 times (x 73B)
Class com.google.gson.internal.bind.JsonAdapterAnnotationTypeAdapterFactory$DummyTypeAdapterFactory: loaded 2 times (x 77B)
Class com.google.gson.internal.bind.TypeAdapters$31                                   : loaded 2 times (x 78B)
Class com.google.gson.JsonSyntaxException                                             : loaded 2 times (x 84B)
Class org.jetbrains.kotlin.idea.gradleTooling.AndroidAwareGradleModelProvider$Companion: loaded 2 times (x 73B)
Class [Lcom.amazon.ion.impl.bin.IonRawBinaryWriter$StreamCloseMode;                   : loaded 2 times (x 71B)
Class com.amazon.ion.impl.lite.IonSymbolLite                                          : loaded 2 times (x 249B)
Class com.amazon.ion.impl.bin.IonManagedBinaryWriter$ImportedSymbolResolverMode$1     : loaded 2 times (x 82B)
Class io.opentelemetry.api.GlobalOpenTelemetry                                        : loaded 2 times (x 73B)
Class com.intellij.util.containers.IntObjectHashMap$ArrayProducer                     : loaded 2 times (x 72B)
Class org.gradle.internal.classloader.DefaultClassLoaderFactory                       : loaded 2 times (x 84B)
Class kotlinx.coroutines.CopyableThreadContextElement                                 : loaded 2 times (x 72B)
Class com.google.gson.internal.bind.TypeAdapters$32                                   : loaded 2 times (x 78B)
Class com.amazon.ion.impl.bin.IonManagedBinaryWriter$ImportedSymbolResolverMode$2     : loaded 2 times (x 82B)
Class io.opentelemetry.context.Scope                                                  : loaded 2 times (x 72B)
Class com.google.common.collect.ReverseNaturalOrdering                                : loaded 2 times (x 116B)
Class kotlin.text.MatcherMatchResult$groupValues$1                                    : loaded 2 times (x 200B)
Class kotlin.sequences.SequencesKt___SequencesKt                                      : loaded 2 times (x 73B)
Class kotlin.collections.AbstractList$Companion                                       : loaded 2 times (x 73B)
Class com.google.gson.internal.bind.ObjectTypeAdapter                                 : loaded 2 times (x 76B)
Class [Lcom.google.common.collect.ImmutableMapEntry;                                  : loaded 2 times (x 71B)
Class [Lcom.android.ide.common.repository.AgpVersion$PreviewKind;                     : loaded 2 times (x 71B)
Class org.jetbrains.kotlin.idea.projectModel.KotlinTaskProperties                     : loaded 2 times (x 72B)
Class org.jetbrains.plugins.gradle.tooling.serialization.internal.IdeaProjectSerializationService: loaded 2 times (x 79B)
Class com.google.common.collect.Ordering                                              : loaded 2 times (x 116B)
Class kotlin.sequences.SequencesKt___SequencesKt$flatMap$2                            : loaded 2 times (x 131B)
Class com.android.builder.model.v2.models.AndroidDsl                                  : loaded 2 times (x 72B)
Class kotlinx.coroutines.DebugKt                                                      : loaded 2 times (x 73B)
Class com.google.common.collect.ListMultimap                                          : loaded 2 times (x 72B)
Class com.google.common.collect.ImmutableEnumMap                                      : loaded 2 times (x 128B)
Class com.amazon.ion.impl.lite.IonSystemLite                                          : loaded 2 times (x 277B)
Class com.amazon.ion.util.InputStreamInterceptor                                      : loaded 2 times (x 72B)
Class com.amazon.ion.impl.bin.IonRawBinaryWriter$PreallocationMode                    : loaded 2 times (x 83B)
Class com.amazon.ion.impl.bin._Private_IonRawWriter                                   : loaded 2 times (x 72B)
Class com.amazon.ion.IonWriter                                                        : loaded 2 times (x 72B)
Class kotlin.text.StringsKt__AppendableKt                                             : loaded 2 times (x 73B)
Class com.google.common.collect.ImmutableRangeSet                                     : loaded 2 times (x 117B)
Class org.gradle.tooling.internal.gradle.DefaultProjectIdentifier                     : loaded 2 times (x 88B)
Class com.google.common.collect.Sets$1                                                : loaded 2 times (x 143B)
Class org.objectweb.asm.AnnotationVisitor                                             : loaded 2 times (x 80B)
Class com.android.ide.common.gradle.Numeric                                           : loaded 2 times (x 79B)
Class com.google.gson.internal.bind.TypeAdapters                                      : loaded 2 times (x 73B)
Class com.google.gson.FormattingStyle                                                 : loaded 2 times (x 80B)
Class com.google.gson.FieldNamingPolicy                                               : loaded 2 times (x 85B)
Class com.amazon.ion.impl._Private_IonContainer                                       : loaded 2 times (x 72B)
Class com.intellij.gradle.toolingExtension.impl.model.buildScriptClasspathModel.GradleBuildScriptClasspathSerializationService$ReadContext: loaded 2 times (x 74B)
Class com.google.common.collect.Iterators$PeekingImpl                                 : loaded 2 times (x 87B)
Class com.google.common.collect.ComparatorOrdering                                    : loaded 2 times (x 117B)
Class org.gradle.api.internal.DefaultClassPathProvider                                : loaded 2 times (x 78B)
Class com.android.builder.model.v2.models.BasicAndroidProject                         : loaded 2 times (x 72B)
Class com.google.common.collect.Sets$2                                                : loaded 2 times (x 143B)
Class com.google.gson.JsonArray                                                       : loaded 2 times (x 102B)
Class com.google.gson.FieldNamingStrategy                                             : loaded 2 times (x 72B)
Class com.amazon.ion.impl.SharedSymbolTable                                           : loaded 2 times (x 95B)
Class com.amazon.ion.impl.bin.IonRawBinaryWriter                                      : loaded 2 times (x 170B)
Class com.amazon.ion.SymbolToken                                                      : loaded 2 times (x 72B)
Class kotlin.text.StringsKt__StringNumberConversionsJVMKt                             : loaded 2 times (x 73B)
Class com.google.common.collect.NaturalOrdering                                       : loaded 2 times (x 117B)
Class kotlin.text.MatchResult                                                         : loaded 2 times (x 72B)
Class kotlin.sequences.SequenceScope                                                  : loaded 2 times (x 75B)
Class kotlin.sequences.Sequence                                                       : loaded 2 times (x 72B)
Class org.gradle.tooling.ToolingModelContract                                         : loaded 2 times (x 72B)
Class [Lorg.gradle.api.internal.ClassPathProvider;                                    : loaded 2 times (x 71B)
Class org.gradle.api.internal.ClassPathProvider                                       : loaded 2 times (x 72B)
Class kotlinx.coroutines.JobNode                                                      : loaded 2 times (x 88B)
Class kotlinx.coroutines.ParentJob                                                    : loaded 2 times (x 72B)
Class kotlinx.coroutines.Delay                                                        : loaded 2 times (x 72B)
Class [Lorg.objectweb.asm.AnnotationVisitor;                                          : loaded 2 times (x 71B)
Class com.google.common.collect.Sets$3                                                : loaded 2 times (x 143B)
Class com.google.common.cache.LocalCache$LocalLoadingCache                            : loaded 2 times (x 136B)
Class com.amazon.ion.impl.lite.IonBoolLite                                            : loaded 2 times (x 181B)
Class kotlin.collections.CollectionsKt___CollectionsKt$asSequence$$inlined$Sequence$1 : loaded 2 times (x 77B)
Class org.gradle.internal.service.UnknownServiceException                             : loaded 2 times (x 85B)
Class com.google.common.io.ByteArrayDataInput                                         : loaded 2 times (x 72B)
Class com.google.common.collect.Sets$4                                                : loaded 2 times (x 143B)
Class org.objectweb.asm.ModuleVisitor                                                 : loaded 2 times (x 83B)
Class com.google.common.cache.LocalCache$Strength$1                                   : loaded 2 times (x 83B)
Class org.jetbrains.kotlin.idea.gradleTooling.model.kapt.KaptGradleModel              : loaded 2 times (x 72B)
Class org.jetbrains.kotlin.idea.gradleTooling.KotlinDslScriptAdditionalTask           : loaded 2 times (x 72B)
Class org.jetbrains.plugins.gradle.model.ClasspathEntryModel                          : loaded 2 times (x 72B)
Class kotlinx.coroutines.internal.SystemPropsKt                                       : loaded 2 times (x 73B)
Class kotlinx.coroutines.JobImpl                                                      : loaded 2 times (x 140B)
Class com.google.common.util.concurrent.SettableFuture                                : loaded 2 times (x 116B)
Class com.google.common.cache.LocalCache$Strength$2                                   : loaded 2 times (x 83B)
Class com.amazon.ion.IonTimestamp                                                     : loaded 2 times (x 72B)
Class com.amazon.ion.impl.bin.PooledBlockAllocatorProvider$PooledBlockAllocator       : loaded 2 times (x 83B)
Class com.intellij.platform.diagnostic.telemetry.rt.context.TelemetryContextGetter    : loaded 2 times (x 77B)
Class org.jetbrains.plugins.gradle.tooling.serialization.GradleExtensionsSerializationService: loaded 2 times (x 79B)
Class org.gradle.api.JavaVersion                                                      : loaded 2 times (x 81B)
Class org.gradle.tooling.model.Dependency                                             : loaded 2 times (x 72B)
Class com.google.common.io.ByteStreams                                                : loaded 2 times (x 73B)
Class com.android.builder.model.v2.ide.AbstractArtifact                               : loaded 2 times (x 72B)
Class kotlinx.coroutines.DispatchedTask                                               : loaded 2 times (x 82B)
Class com.google.common.cache.LocalCache$Strength$3                                   : loaded 2 times (x 83B)
Class com.google.common.collect.MapDifference                                         : loaded 2 times (x 72B)
Class com.amazon.ion.IonDatagram                                                      : loaded 2 times (x 72B)
Class com.amazon.ion.impl.bin.IonManagedBinaryWriter$ImportedSymbolResolverMode$1$1   : loaded 2 times (x 80B)
Class com.amazon.ion.impl._Private_ByteTransferSink                                   : loaded 2 times (x 72B)
Class com.intellij.openapi.externalSystem.model.project.dependencies.ResolutionState  : loaded 2 times (x 81B)
Class kotlin.text.StringsKt__RegexExtensionsJVMKt                                     : loaded 2 times (x 73B)
Class com.google.common.collect.AllEqualOrdering                                      : loaded 2 times (x 116B)
Class kotlin.collections.ArraysKt___ArraysJvmKt                                       : loaded 2 times (x 73B)
Class kotlin.collections.CollectionsKt__CollectionsKt                                 : loaded 2 times (x 73B)
Class org.objectweb.asm.FieldWriter                                                   : loaded 2 times (x 79B)
Class com.google.common.cache.CacheBuilder$NullListener                               : loaded 2 times (x 84B)
Class com.google.gson.LongSerializationPolicy                                         : loaded 2 times (x 82B)
Class org.jetbrains.plugins.gradle.model.ExternalLibraryDependency                    : loaded 2 times (x 72B)
Class kotlin.text.Regex$Companion                                                     : loaded 2 times (x 73B)
Class org.gradle.internal.classpath.TransformedClassPath                              : loaded 2 times (x 98B)
Class org.gradle.internal.classloader.InstrumentingClassLoader                        : loaded 2 times (x 72B)
Class com.google.common.collect.ImmutableListMultimap                                 : loaded 2 times (x 178B)
Class kotlinx.coroutines.DisposableHandle                                             : loaded 2 times (x 72B)
Class com.google.gson.internal.bind.TypeAdapters$30                                   : loaded 2 times (x 78B)
Class com.google.common.cache.CacheLoader$FunctionToCacheLoader                       : loaded 2 times (x 77B)
Class org.objectweb.asm.ClassVisitor                                                  : loaded 2 times (x 90B)
Class com.amazon.ion.IonValue                                                         : loaded 2 times (x 72B)
Class com.google.common.collect.ImmutableRangeSet$AsSet                               : loaded 2 times (x 302B)
Class kotlin.jvm.internal.FunctionReference                                           : loaded 2 times (x 128B)
Class [Lkotlin.coroutines.intrinsics.CoroutineSingletons;                             : loaded 2 times (x 71B)
Class kotlin.jvm.internal.FunctionBase                                                : loaded 2 times (x 72B)
Class kotlin.enums.EnumEntriesList                                                    : loaded 2 times (x 225B)
Class com.google.common.collect.EmptyImmutableListMultimap                            : loaded 2 times (x 178B)
Class com.google.common.collect.BaseImmutableMultimap                                 : loaded 2 times (x 125B)
Class kotlinx.coroutines.scheduling.CoroutineScheduler$Companion                      : loaded 2 times (x 73B)
Class [Lorg.objectweb.asm.Symbol;                                                     : loaded 2 times (x 71B)
Class com.google.common.base.MoreObjects                                              : loaded 2 times (x 73B)
Class com.google.gson.internal.bind.DefaultDateTypeAdapter                            : loaded 2 times (x 76B)
Class com.google.gson.GsonBuilder                                                     : loaded 2 times (x 74B)
Class com.amazon.ion.impl.bin.IonRawBinaryWriter$ContainerType                        : loaded 2 times (x 81B)
Class com.amazon.ion.impl._Private_IonTextWriterBuilder$Mutable                       : loaded 2 times (x 103B)
Class kotlin.comparisons.ComparisonsKt___ComparisonsJvmKt                             : loaded 2 times (x 73B)
Class kotlin.collections.CollectionsKt__IteratorsJVMKt                                : loaded 2 times (x 73B)
Class sync_studio_tooling6_5ioy82yn75unh3orjynkbcen3$_run_closure1                    : loaded 2 times (x 140B)
Class com.android.builder.model.v2.ide.TestInfo$Execution                             : loaded 2 times (x 81B)
Class com.google.gson.internal.Primitives                                             : loaded 2 times (x 73B)
Class kotlinx.coroutines.internal.ThreadState                                         : loaded 2 times (x 74B)
Class kotlinx.coroutines.scheduling.NanoTimeSource                                    : loaded 2 times (x 74B)
Class com.google.common.collect.Platform                                              : loaded 2 times (x 73B)
Class [Lorg.objectweb.asm.Type;                                                       : loaded 2 times (x 71B)
Class com.google.gson.stream.JsonWriter                                               : loaded 2 times (x 100B)
Class kotlinx.coroutines.CoroutineScope                                               : loaded 2 times (x 72B)
Class org.jetbrains.kotlin.idea.gradleTooling.KotlinSourceSetContainer                : loaded 2 times (x 72B)
Class io.opentelemetry.context.ContextStorageWrappers                                 : loaded 2 times (x 73B)
Class io.opentelemetry.context.propagation.DefaultContextPropagators                  : loaded 2 times (x 77B)
Class org.jetbrains.plugins.gradle.model.IntelliJSettings                             : loaded 2 times (x 72B)
Class kotlin.Result                                                                   : loaded 2 times (x 74B)
Class org.gradle.internal.service.ServiceLocator                                      : loaded 2 times (x 72B)
Class kotlinx.coroutines.StandaloneCoroutine                                          : loaded 2 times (x 145B)
Class com.google.common.base.Ascii                                                    : loaded 2 times (x 73B)
Class com.google.common.collect.SingletonImmutableBiMap                               : loaded 2 times (x 145B)
Class kotlinx.coroutines.ChildHandle                                                  : loaded 2 times (x 72B)
Class com.google.common.cache.LocalCache$1                                            : loaded 2 times (x 91B)
Class com.google.gson.internal.bind.TypeAdapterRuntimeTypeWrapper                     : loaded 2 times (x 76B)
Class com.google.common.collect.AbstractMapEntry                                      : loaded 2 times (x 83B)
Class jdk.internal.jrtfs.JrtFileSystemProvider                                        : loaded 2 times (x 103B)
Class com.amazon.ion.impl.IonWriterSystem                                             : loaded 2 times (x 172B)
Class com.amazon.ion.impl.bin.Symbols$2                                               : loaded 2 times (x 109B)
Class com.amazon.ion.impl.bin._Private_IonManagedWriter                               : loaded 2 times (x 72B)
Class com.intellij.gradle.toolingExtension.util.GradleVersionUtil                     : loaded 2 times (x 73B)
Class com.android.ide.gradle.model.GradlePropertiesModel                              : loaded 2 times (x 72B)
Class kotlin.sequences.TransformingSequence$iterator$1                                : loaded 2 times (x 81B)
Class kotlin.Pair                                                                     : loaded 2 times (x 74B)
Class org.gradle.tooling.internal.adapter.ProtocolToModelAdapter$SupportedPropertyInvoker: loaded 2 times (x 78B)
Class org.gradle.tooling.model.UnsupportedMethodException                             : loaded 2 times (x 84B)
Class com.android.builder.model.v2.ide.BytecodeTransformation                         : loaded 2 times (x 81B)
Class kotlinx.coroutines.scheduling.GlobalQueue                                       : loaded 2 times (x 74B)
Class com.google.common.collect.Sets$ImprovedAbstractSet                              : loaded 2 times (x 137B)
Class com.android.utils.FileUtils                                                     : loaded 2 times (x 73B)
Class com.google.common.collect.AbstractMultimap                                      : loaded 2 times (x 125B)
Class com.google.common.cache.LocalCache$2                                            : loaded 2 times (x 144B)
Class com.amazon.ion.impl.lite.IonContainerLite                                       : loaded 2 times (x 250B)
Class com.amazon.ion.IonBufferConfiguration$OversizedSymbolTableHandler               : loaded 2 times (x 72B)
Class com.amazon.ion.system.IonWriterBuilder                                          : loaded 2 times (x 76B)
Class org.jetbrains.plugins.gradle.tooling.serialization.ToolingStreamApiUtils        : loaded 2 times (x 73B)
Class com.amazon.ion.facet.Faceted                                                    : loaded 2 times (x 72B)
Class kotlin.collections.CollectionsKt__MutableCollectionsKt                          : loaded 2 times (x 73B)
Class com.android.builder.model.v2.ide.CodeShrinker                                   : loaded 2 times (x 81B)
Class com.android.builder.model.v2.ide.AaptOptions$Namespacing                        : loaded 2 times (x 81B)
Class com.google.gson.internal.bind.MapTypeAdapterFactory$Adapter                     : loaded 2 times (x 76B)
Class com.google.gson.internal.sql.SqlTimeTypeAdapter$1                               : loaded 2 times (x 77B)
Class com.amazon.ion.impl.bin.utf8.Poolable                                           : loaded 2 times (x 81B)
Class com.amazon.ion.IonSymbol                                                        : loaded 2 times (x 72B)
Class io.opentelemetry.api.trace.SpanContext                                          : loaded 2 times (x 72B)
Class io.opentelemetry.api.trace.DefaultTracer$NoopSpanBuilder                        : loaded 2 times (x 93B)
Class org.jetbrains.plugins.gradle.tooling.serialization.AnnotationProcessingModelSerializationService$WriteContext: loaded 2 times (x 74B)
Class kotlin.io.TerminateException                                                    : loaded 2 times (x 84B)
Class kotlin.io.FilesKt__FilePathComponentsKt                                         : loaded 2 times (x 73B)
Class com.google.common.collect.ImmutableRangeSet$1                                   : loaded 2 times (x 212B)
Class kotlin.reflect.KCallable                                                        : loaded 2 times (x 72B)
Class kotlinx.coroutines.Waiter                                                       : loaded 2 times (x 72B)
Class org.gradle.tooling.internal.adapter.TargetTypeProvider                          : loaded 2 times (x 72B)
Class com.google.common.util.concurrent.AbstractFuture$Trusted                        : loaded 2 times (x 72B)
Class org.jetbrains.kotlin.idea.gradleTooling.KotlinGradlePluginVersion               : loaded 2 times (x 72B)
Class com.intellij.compose.ide.plugin.gradleTooling.rt.ComposeResourcesModel          : loaded 2 times (x 72B)
Class com.intellij.gradle.toolingExtension.impl.util.collectionUtil.GradleCollections : loaded 2 times (x 73B)
Class com.amazon.ion.impl.lite.IonStructLite                                          : loaded 2 times (x 300B)
Class com.amazon.ion.impl._Private_ReaderWriter                                       : loaded 2 times (x 72B)
Class com.amazon.ion.impl.bin.AbstractSymbolTable                                     : loaded 2 times (x 109B)
Class com.amazon.ion.Decimal                                                          : loaded 2 times (x 136B)
Class com.amazon.ion.impl.bin._Private_IonManagedBinaryWriterBuilder$AllocatorMode$1  : loaded 2 times (x 82B)
Class org.jetbrains.plugins.gradle.tooling.serialization.ProjectDependenciesSerializationService$WriteContext: loaded 2 times (x 74B)
Class org.jetbrains.plugins.gradle.tooling.serialization.ProjectDependenciesSerializationService: loaded 2 times (x 79B)
Class kotlin.collections.AbstractIterator                                             : loaded 2 times (x 85B)
Class kotlin.text.CharsKt                                                             : loaded 2 times (x 73B)
Class com.google.common.collect.Range                                                 : loaded 2 times (x 88B)
Class org.gradle.tooling.model.kotlin.dsl.KotlinDslScriptModel                        : loaded 2 times (x 72B)
Class org.gradle.tooling.internal.adapter.CollectionMapper                            : loaded 2 times (x 75B)
Class org.jetbrains.kotlin.tooling.core.KotlinToolingVersion                          : loaded 2 times (x 77B)
Class [Lcom.android.builder.model.v2.ide.LibraryType;                                 : loaded 2 times (x 71B)
Class com.android.builder.model.v2.ide.LibraryType                                    : loaded 2 times (x 81B)
Class com.google.common.io.ByteSink$AsCharSink                                        : loaded 2 times (x 82B)
Class kotlin.ranges.IntProgression$Companion                                          : loaded 2 times (x 73B)
Class com.google.common.util.concurrent.UncheckedExecutionException                   : loaded 2 times (x 84B)
Class com.google.gson.internal.bind.DefaultDateTypeAdapter$DateType                   : loaded 2 times (x 75B)
Class org.gradle.kotlin.dsl.VersionCatalogAccessorsKt                                 : loaded 2 times (x 73B)
Class jdk.internal.jimage.ImageLocation                                               : loaded 2 times (x 92B)
Class com.amazon.ion.impl.lite.IonFloatLite                                           : loaded 2 times (x 189B)
Class com.amazon.ion.impl._Private_IonTextWriterBuilder                               : loaded 2 times (x 103B)
Class com.amazon.ion.impl.bin._Private_IonManagedBinaryWriterBuilder$AllocatorMode$2  : loaded 2 times (x 82B)
Class io.opentelemetry.api.trace.DefaultTracerProvider                                : loaded 2 times (x 81B)
Class com.google.common.collect.ExplicitOrdering                                      : loaded 2 times (x 117B)
Class com.google.gson.internal.bind.ReflectiveTypeAdapterFactory$1                    : loaded 2 times (x 76B)
Class org.jetbrains.plugins.gradle.ExternalDependencyId                               : loaded 2 times (x 72B)
Class com.amazon.ion.impl._Private_IonReaderBuilder                                   : loaded 2 times (x 99B)
Class com.amazon.ion.IonMutableCatalog                                                : loaded 2 times (x 72B)
Class gnu.trove.THash                                                                 : loaded 2 times (x 83B)
Class com.intellij.gradle.toolingExtension.impl.model.buildScriptClasspathModel.GradleBuildScriptClasspathSerializationService$WriteContext: loaded 2 times (x 74B)
Class org.gradle.tooling.internal.adapter.ProtocolToModelAdapter                      : loaded 2 times (x 82B)
Class kotlinx.coroutines.JobSupport$Finishing                                         : loaded 2 times (x 78B)
Class com.android.builder.model.v2.ide.AndroidGradlePluginProjectFlags$BooleanFlag    : loaded 2 times (x 81B)
Class com.google.common.collect.AbstractMapBasedMultimap$KeySet$1                     : loaded 2 times (x 84B)
Class org.objectweb.asm.ClassWriter                                                   : loaded 2 times (x 107B)
Class com.android.ide.common.gradle.Separator                                         : loaded 2 times (x 81B)
Class org.jetbrains.plugins.gradle.model.GradleExtensions                             : loaded 2 times (x 72B)
Class com.google.common.cache.CacheLoader$UnsupportedLoadingOperationException        : loaded 2 times (x 84B)
Class com.google.gson.internal.bind.ReflectiveTypeAdapterFactory$2                    : loaded 2 times (x 80B)
Class jdk.internal.jimage.ImageBufferCache$1                                          : loaded 2 times (x 84B)
Class [Lio.opentelemetry.context.ThreadLocalContextStorage$NoopScope;                 : loaded 2 times (x 71B)
Class io.opentelemetry.context.ThreadLocalContextStorage$NoopScope                    : loaded 2 times (x 87B)
Class kotlin.collections.MapsKt__MapsJVMKt                                            : loaded 2 times (x 73B)
Class kotlin.collections.EmptyList                                                    : loaded 2 times (x 176B)
Class org.gradle.internal.time.DefaultTimer                                           : loaded 2 times (x 82B)
Class kotlinx.coroutines.JobSupport                                                   : loaded 2 times (x 134B)
Class org.jetbrains.plugins.gradle.model.AnnotationProcessingModel                    : loaded 2 times (x 72B)
Class org.objectweb.asm.FieldVisitor                                                  : loaded 2 times (x 79B)
Class com.google.gson.ToNumberStrategy                                                : loaded 2 times (x 72B)
Class com.google.gson.TypeAdapter                                                     : loaded 2 times (x 75B)
Class com.google.common.collect.IndexedImmutableSet                                   : loaded 2 times (x 154B)
Class com.google.common.collect.ImmutableMap$1                                        : loaded 2 times (x 83B)
Class com.google.common.collect.BiMap                                                 : loaded 2 times (x 72B)
Class jdk.internal.jimage.ImageBufferCache$2                                          : loaded 2 times (x 93B)
Class com.amazon.ion.impl.bin.PooledBlockAllocatorProvider$PooledBlockAllocator$1     : loaded 2 times (x 81B)
Class com.amazon.ion.impl.lite.IonStringLite                                          : loaded 2 times (x 215B)
Class io.opentelemetry.context.ImplicitContextKeyed                                   : loaded 2 times (x 72B)
Class org.gradle.tooling.internal.adapter.ProtocolToModelAdapter$ViewKey              : loaded 2 times (x 74B)
Class org.gradle.api.internal.classpath.DefaultModuleRegistry$DefaultModule           : loaded 2 times (x 84B)
Class kotlinx.coroutines.flow.FlowKt                                                  : loaded 2 times (x 73B)
Class com.android.builder.model.v2.CustomSourceDirectory                              : loaded 2 times (x 72B)
Class com.google.common.primitives.Ints                                               : loaded 2 times (x 73B)
Class io.opentelemetry.context.ContextStorageProvider                                 : loaded 2 times (x 72B)
Class com.android.ide.common.repository.AgpVersion                                    : loaded 2 times (x 77B)
Class com.amazon.ion.impl.bin.Block                                                   : loaded 2 times (x 81B)
Class io.opentelemetry.context.DefaultContextKey                                      : loaded 2 times (x 74B)
Class com.google.common.collect.NullsFirstOrdering                                    : loaded 2 times (x 117B)
Class kotlin.jvm.internal.KotlinGenericDeclaration                                    : loaded 2 times (x 72B)
Class kotlin.ResultKt                                                                 : loaded 2 times (x 73B)
Class org.gradle.tooling.internal.adapter.ProtocolToModelAdapter$PropertyCachingMethodInvoker: loaded 2 times (x 78B)
Class com.android.builder.model.v2.models.ProjectSyncIssues                           : loaded 2 times (x 72B)
Class kotlinx.coroutines.ExecutorCoroutineDispatcher                                  : loaded 2 times (x 110B)
Class com.google.common.collect.ObjectArrays                                          : loaded 2 times (x 73B)
Class com.google.common.math.MathPreconditions                                        : loaded 2 times (x 73B)
Class com.google.common.collect.Multiset                                              : loaded 2 times (x 72B)
Class com.google.common.collect.ArrayListMultimapGwtSerializationDependencies         : loaded 2 times (x 173B)
Class com.amazon.ion.system.IonBinaryWriterBuilder                                    : loaded 2 times (x 101B)
Class com.intellij.openapi.externalSystem.model.ExternalSystemException               : loaded 2 times (x 87B)
Class org.jetbrains.plugins.gradle.model.ExternalTask                                 : loaded 2 times (x 72B)
Class com.amazon.ion.impl.bin.utf8.Utf8StringEncoderPool$1                            : loaded 2 times (x 78B)
Class com.amazon.ion.impl.lite.IonLoaderLite                                          : loaded 2 times (x 84B)
Class com.amazon.ion.impl.lite.IonContext                                             : loaded 2 times (x 72B)
Class com.amazon.ion.impl.IonWriterSystemText                                         : loaded 2 times (x 191B)
Class [Lcom.amazon.ion.impl.bin.IonManagedBinaryWriter$ImportedSymbolResolverMode;    : loaded 2 times (x 71B)
Class com.amazon.ion.ValueFactory                                                     : loaded 2 times (x 72B)
Class io.opentelemetry.api.internal.IncubatingUtil                                    : loaded 2 times (x 73B)
Class io.opentelemetry.api.GlobalOpenTelemetry$ObfuscatedOpenTelemetry                : loaded 2 times (x 94B)
Class kotlin.collections.ArraysKt__ArraysKt                                           : loaded 2 times (x 73B)
Class kotlin.Result$Failure                                                           : loaded 2 times (x 74B)
Class org.gradle.internal.time.DefaultCountdownTimer                                  : loaded 2 times (x 90B)
Class kotlinx.coroutines.Job                                                          : loaded 2 times (x 72B)
Class com.google.gson.internal.ObjectConstructor                                      : loaded 2 times (x 72B)
Class com.google.common.collect.ImmutableMapEntrySet                                  : loaded 2 times (x 154B)
Class com.amazon.ion.impl.bin.IonManagedBinaryWriter$SymbolResolver                   : loaded 2 times (x 72B)
Class com.amazon.ion.impl._Private_SymbolToken                                        : loaded 2 times (x 72B)
Class com.amazon.ion.impl.bin._Private_IonManagedBinaryWriterBuilder$AllocatorMode    : loaded 2 times (x 82B)
Class org.jetbrains.plugins.gradle.model.GradleTaskModel                              : loaded 2 times (x 72B)
Class org.jetbrains.plugins.gradle.tooling.util.ObjectCollector                       : loaded 2 times (x 74B)
Class kotlin.collections.SetsKt__SetsJVMKt                                            : loaded 2 times (x 73B)
Class kotlin.Function                                                                 : loaded 2 times (x 72B)
Class org.gradle.tooling.internal.adapter.ProtocolToModelAdapter$AdaptingMethodInvoker: loaded 2 times (x 78B)
Class org.gradle.tooling.internal.gradle.DefaultBuildIdentifier                       : loaded 2 times (x 81B)
Class org.gradle.api.internal.classpath.Module                                        : loaded 2 times (x 72B)
Class kotlinx.coroutines.internal.DispatchedContinuationKt                            : loaded 2 times (x 73B)
Class com.google.common.cache.Weigher                                                 : loaded 2 times (x 72B)
Class kotlinx.coroutines.flow.Flow                                                    : loaded 2 times (x 72B)
Class [Lcom.amazon.ion.util.GzipStreamInterceptor;                                    : loaded 2 times (x 71B)
Class com.amazon.ion.impl._Private_IonReaderBuilder$Mutable                           : loaded 2 times (x 99B)
Class com.intellij.openapi.externalSystem.model.project.IExternalSystemSourceType     : loaded 2 times (x 72B)
Class kotlin.io.FileAlreadyExistsException                                            : loaded 2 times (x 84B)
Class kotlin.internal.ProgressionUtilKt                                               : loaded 2 times (x 73B)
Class org.gradle.api.internal.classpath.UnknownModuleException                        : loaded 2 times (x 84B)
Class kotlinx.coroutines.internal.LockFreeLinkedListHead                              : loaded 2 times (x 76B)
Class kotlinx.coroutines.internal.LockFreeTaskQueueCore                               : loaded 2 times (x 74B)
Class com.google.common.base.Stopwatch                                                : loaded 2 times (x 74B)
Class com.google.common.cache.LocalCache$Strength                                     : loaded 2 times (x 83B)
Class com.google.common.cache.Cache                                                   : loaded 2 times (x 72B)
Class com.google.gson.stream.JsonReader$1                                             : loaded 2 times (x 74B)
Class jdk.internal.jimage.ImageHeader                                                 : loaded 2 times (x 73B)
Class io.opentelemetry.api.trace.TraceStateBuilder                                    : loaded 2 times (x 72B)
Class com.intellij.openapi.externalSystem.model.project.dependencies.ProjectDependencies: loaded 2 times (x 72B)
Class org.jetbrains.plugins.gradle.tooling.serialization.ProjectDependenciesSerializationService$ReadContext: loaded 2 times (x 74B)
Class kotlinx.coroutines.CancelHandler                                                : loaded 2 times (x 72B)
Class com.google.common.util.concurrent.AbstractFuture$Cancellation                   : loaded 2 times (x 74B)
Class com.google.common.collect.ImmutableMap$Builder                                  : loaded 2 times (x 84B)
Class com.google.common.cache.RemovalListener                                         : loaded 2 times (x 72B)
Class [Lcom.google.gson.ToNumberPolicy;                                               : loaded 2 times (x 71B)
Class com.google.gson.ToNumberPolicy                                                  : loaded 2 times (x 85B)
Class com.amazon.ion.IonBufferConfiguration                                           : loaded 2 times (x 74B)
Class com.amazon.ion.impl.bin.Symbols                                                 : loaded 2 times (x 73B)
Class org.jetbrains.plugins.gradle.tooling.serialization.RepositoriesModelSerializationService: loaded 2 times (x 84B)
Class com.android.ide.gradle.model.artifacts.AdditionalClassifierArtifactsModel       : loaded 2 times (x 72B)
Class org.gradle.tooling.internal.gradle.GradleProjectIdentity                        : loaded 2 times (x 72B)
Class org.gradle.api.internal.DefaultClassPathRegistry                                : loaded 2 times (x 78B)
Class com.google.common.collect.ImmutableMultimap$Keys                                : loaded 2 times (x 168B)
Class com.android.builder.model.v2.ide.JavaArtifact                                   : loaded 2 times (x 72B)
Class com.google.common.primitives.IntsMethodsForWeb                                  : loaded 2 times (x 73B)
Class com.amazon.ion.impl.bin.IonManagedBinaryWriter$UserState$4                      : loaded 2 times (x 87B)
Class [Lcom.amazon.ion.impl.bin.AbstractIonWriter$WriteValueOptimization;             : loaded 2 times (x 71B)
Class io.opentelemetry.api.internal.AutoValue_ImmutableSpanContext                    : loaded 2 times (x 94B)
Class org.jetbrains.plugins.gradle.tooling.serialization.RepositoriesModelSerializationService$ReadContext: loaded 2 times (x 74B)
Class kotlin.ranges.ClosedRange                                                       : loaded 2 times (x 72B)
Class org.gradle.internal.classpath.DefaultClassPath$ImmutableUniqueList              : loaded 2 times (x 201B)
Class org.gradle.api.internal.ClassPathRegistry                                       : loaded 2 times (x 72B)
Class kotlinx.coroutines.DispatchedTaskKt                                             : loaded 2 times (x 73B)
Class kotlinx.coroutines.internal.SystemPropsKt__SystemProps_commonKt                 : loaded 2 times (x 73B)
Class kotlinx.coroutines.ThreadContextElement                                         : loaded 2 times (x 72B)
Class org.jetbrains.plugins.gradle.model.UnresolvedExternalDependency                 : loaded 2 times (x 72B)
Class jdk.internal.jimage.decompressor.ResourceDecompressor                           : loaded 2 times (x 72B)
Class com.amazon.ion.impl.bin.IonManagedBinaryWriter$UserState                        : loaded 2 times (x 87B)
Class com.amazon.ion.impl._Private_IonWriter                                          : loaded 2 times (x 72B)
Class com.amazon.ion.impl.bin._Private_IonManagedBinaryWriterBuilder                  : loaded 2 times (x 74B)
Class com.intellij.gradle.toolingExtension.impl.model.projectModel.GradleExternalProjectSerializationService$WriteContext: loaded 2 times (x 75B)
Class kotlin.text.StringsKt__StringsJVMKt                                             : loaded 2 times (x 73B)
Class kotlin.collections.IntIterator                                                  : loaded 2 times (x 84B)
Class com.google.common.collect.NullnessCasts                                         : loaded 2 times (x 73B)
Class com.google.common.collect.ImmutableMap$MapViewOfValuesAsSingletonSets           : loaded 2 times (x 128B)
Class org.jetbrains.kotlin.cli.common.arguments.K2JVMCompilerArgumentsConfigurator    : loaded 2 times (x 76B)
Class com.google.common.io.ByteSink                                                   : loaded 2 times (x 78B)
Class com.android.builder.model.v2.dsl.SigningConfig                                  : loaded 2 times (x 72B)
Class com.android.builder.model.v2.models.AndroidProject                              : loaded 2 times (x 72B)
Class com.android.builder.model.v2.AndroidModel                                       : loaded 2 times (x 72B)
Class com.google.common.collect.RegularImmutableMap                                   : loaded 2 times (x 122B)
Class com.google.common.cache.CacheBuilder                                            : loaded 2 times (x 74B)
Class com.google.gson.internal.bind.ArrayTypeAdapter$1                                : loaded 2 times (x 77B)
Class com.google.gson.internal.bind.JsonTreeWriter                                    : loaded 2 times (x 100B)
Class Settings_gradle$1                                                               : loaded 2 times (x 76B)
Class [Lcom.amazon.ion.SymbolToken;                                                   : loaded 2 times (x 71B)
Class io.opentelemetry.api.trace.ImmutableTraceFlags                                  : loaded 2 times (x 79B)
Class kotlin.text.StringsKt__IndentKt                                                 : loaded 2 times (x 73B)
Class kotlin.collections.SetsKt                                                       : loaded 2 times (x 73B)
Class org.gradle.internal.classpath.ClassPath                                         : loaded 2 times (x 72B)
Class com.google.common.io.Files$FileByteSource                                       : loaded 2 times (x 87B)
Class com.google.common.base.JdkPattern                                               : loaded 2 times (x 77B)
Class com.android.builder.model.v2.ide.AndroidArtifact                                : loaded 2 times (x 72B)
Class org.jetbrains.plugins.gradle.model.ExternalProjectDependency                    : loaded 2 times (x 72B)
Class org.jetbrains.plugins.gradle.tooling.serialization.KotlinDslScriptsModelSerializationService: loaded 2 times (x 83B)
Class kotlin.reflect.KFunction                                                        : loaded 2 times (x 72B)
Class kotlin.collections.ArrayDeque                                                   : loaded 2 times (x 209B)
Class org.jetbrains.kotlin.cli.common.arguments.Freezable                             : loaded 2 times (x 74B)
Class [Lkotlinx.coroutines.CoroutineStart;                                            : loaded 2 times (x 71B)
Class kotlinx.coroutines.CoroutineDispatcher$Key                                      : loaded 2 times (x 74B)
Class org.objectweb.asm.SymbolTable$Entry                                             : loaded 2 times (x 75B)
Class com.google.gson.internal.JsonReaderInternalAccess                               : loaded 2 times (x 74B)
Class com.amazon.ion.system.IonSystemBuilder$Mutable                                  : loaded 2 times (x 77B)
Class com.amazon.ion.impl.bin.IonManagedBinaryWriter$SymbolResolverBuilder            : loaded 2 times (x 72B)
Class org.jetbrains.kotlin.idea.gradleTooling.KotlinGradleModel                       : loaded 2 times (x 72B)
Class [Lio.opentelemetry.api.trace.TraceFlags;                                        : loaded 2 times (x 71B)
Class [Lio.opentelemetry.context.ContextStorage;                                      : loaded 2 times (x 71B)
Class com.intellij.platform.diagnostic.telemetry.rt.context.TelemetryContext          : loaded 2 times (x 135B)
Class org.jetbrains.plugins.gradle.tooling.serialization.ExternalTestsSerializationService$WriteContext: loaded 2 times (x 74B)
Class kotlin.collections.MapsKt__MapsKt                                               : loaded 2 times (x 73B)
Class org.gradle.api.internal.classpath.DefaultModuleRegistry$DefaultModuleAlias      : loaded 2 times (x 82B)
Class com.android.builder.model.v2.ide.Variant                                        : loaded 2 times (x 72B)
Class org.objectweb.asm.Edge                                                          : loaded 2 times (x 74B)
Class com.google.common.io.ByteArrayDataOutput                                        : loaded 2 times (x 72B)
Class com.google.common.base.Suppliers$SupplierOfInstance                             : loaded 2 times (x 81B)
Class com.google.gson.internal.bind.ReflectiveTypeAdapterFactory                      : loaded 2 times (x 77B)
Class com.google.gson.internal.sql.SqlTimestampTypeAdapter                            : loaded 2 times (x 78B)
Class jdk.internal.jimage.ImageStringsReader                                          : loaded 2 times (x 82B)
Class com.amazon.ion.impl.bin.IonManagedBinaryWriter$LocalSymbolTableView             : loaded 2 times (x 121B)
Class com.amazon.ion.impl.bin.IonRawBinaryWriter$ThrowingRunnable                     : loaded 2 times (x 72B)
Class io.opentelemetry.context.ThreadLocalContextStorage                              : loaded 2 times (x 87B)
Class org.gradle.tooling.model.Model                                                  : loaded 2 times (x 72B)
Class com.android.builder.model.v2.ide.SyncIssue                                      : loaded 2 times (x 72B)
Class org.gradle.tooling.internal.adapter.ProtocolToModelAdapter$InvocationHandlerImpl: loaded 2 times (x 79B)
Class com.google.common.cache.LocalCache$ComputingValueReference                      : loaded 2 times (x 98B)
Class com.google.gson.internal.sql.SqlDateTypeAdapter$1                               : loaded 2 times (x 77B)
Class com.google.common.collect.ImmutableMap$IteratorBasedImmutableMap                : loaded 2 times (x 128B)
Class com.amazon.ion.UnknownSymbolException                                           : loaded 2 times (x 87B)
Class com.android.ide.gradle.model.composites.BuildMap                                : loaded 2 times (x 72B)
Class kotlin.text.MatchResult$Destructured                                            : loaded 2 times (x 74B)
Class kotlin.Metadata                                                                 : loaded 2 times (x 72B)
Class kotlin.UninitializedPropertyAccessException                                     : loaded 2 times (x 84B)
Class kotlinx.coroutines.internal.ConcurrentLinkedListNode                            : loaded 2 times (x 75B)
Class com.android.builder.model.v2.ide.Library                                        : loaded 2 times (x 72B)
Class com.android.builder.model.v2.ide.ArtifactDependenciesAdjacencyList              : loaded 2 times (x 72B)
Class com.android.builder.model.v2.models.Versions                                    : loaded 2 times (x 72B)
Class com.google.common.cache.LocalCache$Segment                                      : loaded 2 times (x 155B)
Class kotlinx.coroutines.flow.MutableSharedFlow                                       : loaded 2 times (x 72B)
Class jdk.internal.jimage.ImageReader                                                 : loaded 2 times (x 77B)
Class io.opentelemetry.context.Context                                                : loaded 2 times (x 72B)
Class org.jetbrains.plugins.gradle.model.IntelliJProjectSettings                      : loaded 2 times (x 72B)
Class org.gradle.tooling.internal.adapter.ProtocolToModelAdapter$MethodInvocationCache: loaded 2 times (x 75B)
Class com.android.builder.model.v2.models.ndk.NativeModule                            : loaded 2 times (x 72B)
Class com.google.common.collect.AbstractListMultimap                                  : loaded 2 times (x 173B)
Class [Lorg.objectweb.asm.SymbolTable$Entry;                                          : loaded 2 times (x 71B)
Class org.gradle.tooling.model.build.GradleEnvironment                                : loaded 2 times (x 72B)
Class com.google.common.cache.CacheLoader                                             : loaded 2 times (x 76B)
Class com.google.gson.internal.bind.ReflectiveTypeAdapterFactory$Adapter              : loaded 2 times (x 79B)
Class com.google.gson.internal.bind.TypeAdapters$10                                   : loaded 2 times (x 77B)
Class com.google.common.collect.ImmutableBiMap                                        : loaded 2 times (x 145B)
Class jdk.internal.jimage.ImageReader$SharedImageReader                               : loaded 2 times (x 97B)
Class org.jetbrains.plugins.gradle.model.ExternalDependency                           : loaded 2 times (x 72B)
Class com.intellij.util.containers.IntObjectHashMap                                   : loaded 2 times (x 74B)
Class com.google.common.collect.SortedIterable                                        : loaded 2 times (x 72B)
Class org.gradle.api.internal.classpath.ModuleRegistry                                : loaded 2 times (x 72B)
Class org.gradle.internal.installation.GradleInstallation$1                           : loaded 2 times (x 77B)
Class com.google.common.collect.ImmutableSet$JdkBackedSetBuilderImpl                  : loaded 2 times (x 78B)
Class org.jetbrains.plugins.gradle.tooling.util.IntObjectMap$ObjectFactory            : loaded 2 times (x 72B)
Class com.google.common.util.concurrent.internal.InternalFutureFailureAccess          : loaded 2 times (x 74B)
Class com.google.gson.internal.bind.TypeAdapters$11                                   : loaded 2 times (x 77B)
Class [Lcom.google.gson.FieldNamingPolicy;                                            : loaded 2 times (x 71B)
Class com.android.ide.common.repository.AgpVersion$PreviewKind$Companion              : loaded 2 times (x 73B)
Class jdk.internal.jimage.decompressor.ResourceDecompressorFactory                    : loaded 2 times (x 76B)
Class com.amazon.ion.impl.bin.IonManagedBinaryWriter$SymbolState$1                    : loaded 2 times (x 82B)
Class com.amazon.ion.impl.LocalSymbolTableAsStruct$Factory                            : loaded 2 times (x 81B)
Class [Lcom.amazon.ion.IonType;                                                       : loaded 2 times (x 71B)
Class org.jetbrains.plugins.gradle.model.VersionCatalogsModel                         : loaded 2 times (x 72B)
Class com.intellij.gradle.toolingExtension.impl.model.sourceSetDependencyModel.GradleSourceSetDependencySerialisationService$SourceSetDependencyModelReadContext: loaded 2 times (x 74B)
Class com.intellij.gradle.toolingExtension.impl.model.dependencyModel.DependencyReadContext: loaded 2 times (x 74B)
Class org.gradle.tooling.internal.adapter.ObjectGraphAdapter                          : loaded 2 times (x 72B)
Class com.google.common.collect.ImmutableMultimap$Values                              : loaded 2 times (x 128B)
Class com.android.builder.model.v2.ide.Installation                                   : loaded 2 times (x 72B)
Class kotlinx.coroutines.Job$Key                                                      : loaded 2 times (x 73B)
Class [Lio.opentelemetry.api.trace.ImmutableTraceFlags;                               : loaded 2 times (x 71B)
Class com.google.common.cache.LocalCache$LocalManualCache$1                           : loaded 2 times (x 77B)
Class com.google.gson.internal.bind.TypeAdapters$12                                   : loaded 2 times (x 77B)
Class [Lcom.google.gson.ToNumberStrategy;                                             : loaded 2 times (x 71B)
Class org.jetbrains.plugins.gradle.model.ProjectImportModelProvider                   : loaded 2 times (x 72B)
Class org.jetbrains.plugins.gradle.model.ExternalSourceSet                            : loaded 2 times (x 72B)
Class com.amazon.ion.impl.bin.IonManagedBinaryWriter$SymbolState$2                    : loaded 2 times (x 82B)
Class com.amazon.ion.IonNull                                                          : loaded 2 times (x 72B)
Class com.intellij.gradle.toolingExtension.impl.model.warmUp.GradleTaskWarmUpRequest  : loaded 2 times (x 72B)
Class ijInit1_cic62ntwne8guj8evp317izki$_run_closure1                                 : loaded 2 times (x 141B)
Class com.google.common.collect.ImmutableSortedAsList                                 : loaded 2 times (x 223B)
Class kotlin.text.RegexKt                                                             : loaded 2 times (x 73B)
Class kotlin.coroutines.intrinsics.IntrinsicsKt__IntrinsicsKt                         : loaded 2 times (x 73B)
Class com.android.builder.model.v2.models.ModelBuilderParameter                       : loaded 2 times (x 72B)
Class com.amazon.ion.IonException                                                     : loaded 2 times (x 86B)
Class com.google.gson.internal.bind.TypeAdapters$13                                   : loaded 2 times (x 77B)
Class com.amazon.ion.util.GzipStreamInterceptor                                       : loaded 2 times (x 87B)
Class jdk.internal.jimage.ImageReader$Node                                            : loaded 2 times (x 86B)
Class com.amazon.ion.impl.bin.IonRawBinaryWriter$ContainerInfo                        : loaded 2 times (x 76B)
Class com.amazon.ion.impl.bin.IonManagedBinaryWriter$SymbolState$3                    : loaded 2 times (x 82B)
Class com.amazon.ion.impl.bin.IonRawBinaryWriter$StreamFlushMode                      : loaded 2 times (x 81B)
Class com.amazon.ion.IonBinaryWriter                                                  : loaded 2 times (x 72B)
Class com.intellij.gradle.toolingExtension.impl.model.sourceSetArtifactIndex.GradleSourceSetArtifactBuildRequest: loaded 2 times (x 72B)
Class kotlin.io.FilesKt__UtilsKt                                                      : loaded 2 times (x 73B)
Class com.google.common.collect.Lists$TransformingRandomAccessList                    : loaded 2 times (x 201B)
Class kotlin.collections.CollectionsKt__CollectionsJVMKt                              : loaded 2 times (x 73B)
Class org.gradle.tooling.model.idea.BasicIdeaProject                                  : loaded 2 times (x 72B)
Class org.gradle.api.internal.classpath.DefaultModuleRegistry                         : loaded 2 times (x 86B)
Class com.amazon.ion.impl.bin.IonManagedBinaryWriter$UserState$3                      : loaded 2 times (x 87B)
Class com.google.common.util.concurrent.ListenableFuture                              : loaded 2 times (x 72B)
Class com.google.common.cache.ReferenceEntry                                          : loaded 2 times (x 72B)
Class com.google.gson.internal.bind.NumberTypeAdapter$1                               : loaded 2 times (x 78B)
Class com.google.gson.internal.bind.TypeAdapters$1                                    : loaded 2 times (x 77B)
Class com.google.gson.internal.bind.TypeAdapters$14                                   : loaded 2 times (x 77B)
Class com.google.common.base.Converter                                                : loaded 2 times (x 92B)
Class com.google.gson.JsonObject                                                      : loaded 2 times (x 95B)
Class jdk.internal.jimage.BasicImageReader$1                                          : loaded 2 times (x 79B)
Class com.amazon.ion.impl.bin.IonManagedBinaryWriter$SymbolState$4                    : loaded 2 times (x 82B)
Class [Lcom.amazon.ion.util.InputStreamInterceptor;                                   : loaded 2 times (x 71B)
Class org.jetbrains.plugins.gradle.tooling.serialization.internal.IdeaProjectSerializationService$WriteContext$1: loaded 2 times (x 85B)
Class org.jetbrains.plugins.gradle.model.ExternalProject                              : loaded 2 times (x 72B)
Class kotlin.sequences.SequencesKt                                                    : loaded 2 times (x 73B)
Class kotlin.collections.CollectionsKt__IteratorsKt                                   : loaded 2 times (x 73B)
Class kotlinx.coroutines.internal.Removed                                             : loaded 2 times (x 74B)
Class [Lcom.android.builder.model.v2.ide.CodeShrinker;                                : loaded 2 times (x 71B)
Class com.google.common.collect.AbstractMapBasedMultimap                              : loaded 2 times (x 140B)
Class kotlinx.coroutines.flow.CancellableFlow                                         : loaded 2 times (x 72B)
Class kotlinx.coroutines.flow.internal.AbstractSharedFlow                             : loaded 2 times (x 76B)
Class com.google.common.util.concurrent.AbstractFuture                                : loaded 2 times (x 108B)
Class com.google.common.base.FunctionalEquivalence                                    : loaded 2 times (x 85B)
Class com.google.common.util.concurrent.ExecutionError                                : loaded 2 times (x 84B)
Class com.google.gson.internal.sql.SqlTypesSupport$1                                  : loaded 2 times (x 76B)
Class com.google.gson.internal.bind.TypeAdapters$2                                    : loaded 2 times (x 77B)
Class com.google.gson.internal.bind.TypeAdapters$15                                   : loaded 2 times (x 77B)
Class com.amazon.ion.impl.bin.utf8.Pool                                               : loaded 2 times (x 76B)
Class org.jetbrains.plugins.gradle.tooling.serialization.internal.IdeaProjectSerializationService$WriteContext$2: loaded 2 times (x 85B)
Class kotlin.text.StringsKt                                                           : loaded 2 times (x 73B)
Class com.google.common.collect.ImmutableMultiset                                     : loaded 2 times (x 165B)
Class org.objectweb.asm.RecordComponentVisitor                                        : loaded 2 times (x 79B)
Class com.google.common.cache.CacheLoader$SupplierToCacheLoader                       : loaded 2 times (x 77B)
Class com.google.gson.internal.sql.SqlTypesSupport$2                                  : loaded 2 times (x 76B)
Class com.google.gson.internal.bind.TypeAdapters$16                                   : loaded 2 times (x 77B)
Class com.google.gson.internal.bind.TypeAdapters$3                                    : loaded 2 times (x 77B)
Class com.amazon.ion.impl._Private_IonSymbol                                          : loaded 2 times (x 72B)
Class com.amazon.ion.impl.lite.IonValueLite                                           : loaded 2 times (x 150B)
Class com.amazon.ion.IonContainer                                                     : loaded 2 times (x 72B)
Class com.amazon.ion.impl.bin.PooledBlockAllocatorProvider                            : loaded 2 times (x 75B)
Class [Lio.opentelemetry.context.Scope;                                               : loaded 2 times (x 71B)
Class org.jetbrains.plugins.gradle.tooling.serialization.AnnotationProcessingModelSerializationService$ReadContext: loaded 2 times (x 74B)
Class org.jetbrains.plugins.gradle.tooling.serialization.internal.IdeaProjectSerializationService$WriteContext$3: loaded 2 times (x 85B)
Class gnu.trove.TObjectHash$NULL                                                      : loaded 2 times (x 73B)
Class org.gradle.util.internal.DefaultGradleVersion$Stage                             : loaded 2 times (x 77B)
Class kotlin.coroutines.jvm.internal.RestrictedContinuationImpl                       : loaded 2 times (x 89B)
Class org.gradle.tooling.model.GradleProject                                          : loaded 2 times (x 72B)
Class kotlinx.coroutines.CopyableThrowable                                            : loaded 2 times (x 72B)
Class kotlinx.coroutines.scheduling.TasksKt                                           : loaded 2 times (x 73B)
Class kotlinx.coroutines.internal.SystemPropsKt__SystemPropsKt                        : loaded 2 times (x 73B)
Class kotlinx.coroutines.ChildJob                                                     : loaded 2 times (x 72B)
Class com.google.gson.internal.bind.TypeAdapters$17                                   : loaded 2 times (x 77B)
Class com.google.gson.internal.bind.TypeAdapters$4                                    : loaded 2 times (x 77B)
Class jdk.internal.jimage.decompressor.Decompressor                                   : loaded 2 times (x 74B)
Class org.jetbrains.kotlin.idea.gradleTooling.AndroidAwareGradleModelProvider         : loaded 2 times (x 81B)
Class com.intellij.gradle.toolingExtension.impl.telemetry.GradleOpenTelemetry         : loaded 2 times (x 74B)
Class org.jetbrains.plugins.gradle.tooling.serialization.internal.IdeaProjectSerializationService$WriteContext$4: loaded 2 times (x 85B)
Class com.intellij.gradle.toolingExtension.impl.model.sourceSetDependencyModel.GradleSourceSetDependencySerialisationService$Companion: loaded 2 times (x 73B)
Class [Lkotlin.Pair;                                                                  : loaded 2 times (x 71B)
Class kotlin.text.StringsKt__StringNumberConversionsKt                                : loaded 2 times (x 73B)
Class kotlin.io.FilesKt__FileReadWriteKt                                              : loaded 2 times (x 73B)
Class com.google.common.collect.UsingToStringOrdering                                 : loaded 2 times (x 116B)
Class kotlin.text.MatchNamedGroupCollection                                           : loaded 2 times (x 72B)
Class kotlin.jvm.internal.markers.KMutableList                                        : loaded 2 times (x 72B)
Class org.gradle.internal.time.MonotonicClock                                         : loaded 2 times (x 79B)
Class org.gradle.internal.service.ServiceLookupException                              : loaded 2 times (x 84B)
Class com.google.gson.annotations.JsonAdapter                                         : loaded 2 times (x 72B)
Class kotlinx.coroutines.scheduling.SchedulerCoroutineDispatcher                      : loaded 2 times (x 110B)
Class kotlinx.coroutines.ChildHandleNode                                              : loaded 2 times (x 92B)
Class kotlinx.coroutines.JobKt                                                        : loaded 2 times (x 73B)
Class com.google.common.collect.Lists$ReverseList                                     : loaded 2 times (x 202B)
Class [Lcom.google.common.cache.LocalCache$EntryFactory;                              : loaded 2 times (x 71B)
Class com.google.gson.internal.bind.SerializationDelegatingTypeAdapter                : loaded 2 times (x 76B)
Class com.google.gson.internal.bind.TypeAdapters$18                                   : loaded 2 times (x 77B)
Class com.google.gson.internal.bind.TypeAdapters$5                                    : loaded 2 times (x 77B)
Class com.amazon.ion.BufferConfiguration$Builder                                      : loaded 2 times (x 80B)
Class com.intellij.gradle.toolingExtension.util.GradleVersionSpecificsUtil            : loaded 2 times (x 73B)
Class io.opentelemetry.context.ContextStorage                                         : loaded 2 times (x 72B)
Class org.jetbrains.plugins.gradle.tooling.serialization.internal.IdeaProjectSerializationService$WriteContext$5: loaded 2 times (x 85B)
Class com.google.common.collect.ImmutableEnumSet                                      : loaded 2 times (x 148B)
Class kotlin.sequences.SequencesKt___SequencesKt$sortedWith$1                         : loaded 2 times (x 77B)
Class com.google.common.collect.ImmutableSortedSet                                    : loaded 2 times (x 302B)
Class org.gradle.internal.classloader.ClassLoaderFactory                              : loaded 2 times (x 72B)
Class com.android.builder.model.v2.ide.LibraryInfo                                    : loaded 2 times (x 72B)
Class kotlinx.coroutines.ChildContinuation                                            : loaded 2 times (x 88B)
Class com.google.common.base.CommonPattern                                            : loaded 2 times (x 76B)
Class com.android.builder.model.v2.models.VariantDependenciesAdjacencyList            : loaded 2 times (x 72B)
Class com.google.common.cache.LocalCache$LocalManualCache                             : loaded 2 times (x 101B)
Class kotlinx.coroutines.flow.internal.FusibleFlow                                    : loaded 2 times (x 72B)
Class com.google.gson.internal.bind.ReflectiveTypeAdapterFactory$FieldReflectionAdapter: loaded 2 times (x 79B)
Class com.google.gson.internal.bind.TypeAdapters$19                                   : loaded 2 times (x 77B)
Class com.google.gson.internal.bind.TypeAdapters$6                                    : loaded 2 times (x 77B)
Class com.amazon.ion.impl.bin.IntList                                                 : loaded 2 times (x 79B)
Class com.amazon.ion.impl.lite._Private_LiteDomTrampoline                             : loaded 2 times (x 73B)
Class com.amazon.ion.IonType                                                          : loaded 2 times (x 81B)
Class org.jetbrains.plugins.gradle.tooling.serialization.internal.IdeaProjectSerializationService$WriteContext$6: loaded 2 times (x 85B)
Class org.jetbrains.plugins.gradle.tooling.util.IntObjectMap                          : loaded 2 times (x 75B)
Class org.gradle.internal.service.CachingServiceLocator                               : loaded 2 times (x 84B)
Class com.google.gson.annotations.SerializedName                                      : loaded 2 times (x 72B)
Class com.google.common.collect.AbstractMapBasedMultimap$KeySet                       : loaded 2 times (x 139B)
Class com.google.common.math.IntMath                                                  : loaded 2 times (x 73B)
Class com.google.gson.internal.bind.TypeAdapters$7                                    : loaded 2 times (x 77B)
Class com.amazon.ion.impl.lite.ValueFactoryLite                                       : loaded 2 times (x 220B)
Class org.jetbrains.plugins.gradle.model.RepositoryModels                             : loaded 2 times (x 72B)
Class org.jetbrains.plugins.gradle.tooling.serialization.internal.IdeaProjectSerializationService$WriteContext$7: loaded 2 times (x 85B)
Class kotlin.jvm.internal.Intrinsics$Kotlin                                           : loaded 2 times (x 73B)
Class com.google.common.collect.RegularImmutableSortedSet                             : loaded 2 times (x 302B)
Class kotlin.collections.AbstractList$SubList                                         : loaded 2 times (x 200B)
Class kotlin.jvm.internal.CallableReference                                           : loaded 2 times (x 112B)
Class sync_studio_tooling6_5ioy82yn75unh3orjynkbcen3                                  : loaded 2 times (x 173B)
Class com.google.gson.internal.bind.CollectionTypeAdapterFactory$Adapter              : loaded 2 times (x 76B)
Class com.google.gson.internal.bind.TypeAdapters$8                                    : loaded 2 times (x 77B)
Class com.google.common.collect.ImmutableMapEntry                                     : loaded 2 times (x 87B)
Class com.amazon.ion.impl.bin.WriteBuffer                                             : loaded 2 times (x 80B)
Class com.amazon.ion.impl.bin.IonManagedBinaryWriter                                  : loaded 2 times (x 167B)
Class org.jetbrains.plugins.gradle.tooling.serialization.internal.IdeaProjectSerializationService$WriteContext$8: loaded 2 times (x 85B)
Class gnu.trove.TObjectIntProcedure                                                   : loaded 2 times (x 72B)
Class [Lorg.gradle.api.JavaVersion;                                                   : loaded 2 times (x 71B)
Class kotlin.ranges.IntRange                                                          : loaded 2 times (x 95B)
Class org.gradle.tooling.model.idea.IdeaDependencyScope                               : loaded 2 times (x 72B)
Class org.gradle.internal.time.TimeSource                                             : loaded 2 times (x 72B)
Class org.gradle.tooling.model.kotlin.dsl.KotlinDslScriptsModel                       : loaded 2 times (x 72B)
Class com.google.common.collect.ImmutableMultimap                                     : loaded 2 times (x 148B)
Class com.android.builder.model.v2.ide.TestInfo                                       : loaded 2 times (x 72B)
Class kotlinx.coroutines.CompletionStateKt                                            : loaded 2 times (x 73B)
Class com.google.common.base.Equivalence                                              : loaded 2 times (x 84B)
Class com.google.gson.internal.bind.TypeAdapters$9                                    : loaded 2 times (x 77B)
Class org.gradle.internal.classloader.ClassLoaderHierarchy                            : loaded 2 times (x 72B)
Class com.google.common.collect.ImmutableMapEntry$NonTerminalImmutableMapEntry        : loaded 2 times (x 87B)
Class com.amazon.ion.impl.lite.IonBlobLite                                            : loaded 2 times (x 222B)
Class com.amazon.ion.impl.LocalSymbolTable                                            : loaded 2 times (x 129B)
Class org.jetbrains.plugins.gradle.tooling.serialization.SerializationService         : loaded 2 times (x 72B)
Class org.gradle.tooling.internal.gradle.GradleBuildIdentity                          : loaded 2 times (x 72B)
Class kotlin.enums.EnumEntries                                                        : loaded 2 times (x 72B)
Class com.android.builder.model.v2.ide.JavaCompileOptions                             : loaded 2 times (x 72B)
Class kotlinx.coroutines.CancellableContinuationImpl                                  : loaded 2 times (x 131B)
Class kotlinx.coroutines.flow.internal.NopCollector                                   : loaded 2 times (x 76B)
Class kotlinx.coroutines.CoroutineDispatcher                                          : loaded 2 times (x 102B)
Class com.google.common.collect.IndexedImmutableSet$1                                 : loaded 2 times (x 215B)
Class kotlin.collections.CollectionsKt__ReversedViewsKt                               : loaded 2 times (x 73B)
Class com.google.common.cache.CacheBuilder$OneWeigher                                 : loaded 2 times (x 84B)
Class com.google.gson.JsonParseException                                              : loaded 2 times (x 84B)
Class com.amazon.ion.IonList                                                          : loaded 2 times (x 72B)
Class org.jetbrains.plugins.gradle.tooling.serialization.internal.adapter.Supplier    : loaded 2 times (x 72B)
Class org.gradle.tooling.internal.adapter.ProtocolToModelAdapter$MixInMappingAction   : loaded 2 times (x 82B)
Class org.gradle.internal.exceptions.ResolutionProvider                               : loaded 2 times (x 72B)
Class jdk.internal.jimage.ImageBufferCache                                            : loaded 2 times (x 73B)
Class jdk.internal.jrtfs.JrtPath                                                      : loaded 2 times (x 124B)
Class com.amazon.ion.IonSystem                                                        : loaded 2 times (x 72B)
Class com.amazon.ion.impl.bin.IonManagedBinaryWriter$ImportedSymbolContext            : loaded 2 times (x 74B)
Class kotlin.text.MatchResult$DefaultImpls                                            : loaded 2 times (x 73B)
Class org.gradle.tooling.model.idea.IdeaCompilerOutput                                : loaded 2 times (x 72B)
Class org.gradle.tooling.model.ProjectIdentifier                                      : loaded 2 times (x 72B)
Class org.gradle.internal.classloader.ClasspathUtil                                   : loaded 2 times (x 73B)
Class com.android.builder.model.v2.ide.ComponentInfo                                  : loaded 2 times (x 72B)
Class kotlinx.coroutines.NonDisposableHandle                                          : loaded 2 times (x 80B)
Class org.jetbrains.kotlin.tooling.core.HasExtras                                     : loaded 2 times (x 72B)
Class com.google.common.util.concurrent.Uninterruptibles                              : loaded 2 times (x 73B)
Class com.android.builder.model.v2.ide.ProjectType                                    : loaded 2 times (x 81B)
Class com.intellij.gradle.toolingExtension.impl.model.sourceSetModel.GradleSourceSetSerialisationService: loaded 2 times (x 79B)
Class kotlin.io.FileSystemException                                                   : loaded 2 times (x 84B)
Class com.android.builder.model.v2.dsl.BaseConfig                                     : loaded 2 times (x 72B)
Class com.google.common.util.concurrent.LazyLogger                                    : loaded 2 times (x 74B)
Class com.google.common.collect.Maps                                                  : loaded 2 times (x 73B)
Class com.amazon.ion.impl.lite.IonIntLite                                             : loaded 2 times (x 191B)
Class com.amazon.ion.impl._Private_IonReaderBuilder$TwoElementInputStream             : loaded 2 times (x 94B)
Class com.amazon.ion.util._Private_FastAppendable                                     : loaded 2 times (x 72B)
Class [Lcom.amazon.ion.impl.bin.IonRawBinaryWriter$PreallocationMode;                 : loaded 2 times (x 71B)
Class io.opentelemetry.context.propagation.TextMapGetter                              : loaded 2 times (x 72B)
Class org.gradle.internal.time.TimeSource$1                                           : loaded 2 times (x 79B)
Class kotlin.jvm.internal.DefaultConstructorMarker                                    : loaded 2 times (x 73B)
Class org.gradle.api.specs.Spec                                                       : loaded 2 times (x 72B)
Class com.google.gson.internal.sql.SqlDateTypeAdapter                                 : loaded 2 times (x 76B)
Class [Lcom.google.common.collect.ImmutableEntry;                                     : loaded 2 times (x 71B)
Class com.amazon.ion.impl.lite.IonSexpLite                                            : loaded 2 times (x 492B)
Class com.amazon.ion.impl.lite.IonListLite                                            : loaded 2 times (x 492B)
Class com.amazon.ion.IonFloat                                                         : loaded 2 times (x 72B)
Class io.opentelemetry.context.ThreadLocalContextStorage$ScopeImpl                    : loaded 2 times (x 81B)
Class kotlinx.coroutines.CoroutineContextKt                                           : loaded 2 times (x 73B)
Class kotlinx.coroutines.flow.FlowKt__CollectKt                                       : loaded 2 times (x 73B)
Class com.google.common.cache.LocalCache$LoadingValueReference                        : loaded 2 times (x 98B)
Class com.amazon.ion.impl.LocalSymbolTable$Factory                                    : loaded 2 times (x 79B)
Class com.amazon.ion.impl.bin.IonManagedBinaryWriter$ImportedSymbolResolverMode       : loaded 2 times (x 82B)
Class com.intellij.gradle.toolingExtension.impl.model.buildScriptClasspathModel.GradleBuildScriptClasspathSerializationService: loaded 2 times (x 79B)
Class kotlinx.coroutines.internal.DispatchedContinuation                              : loaded 2 times (x 91B)
Class com.google.common.base.Platform                                                 : loaded 2 times (x 73B)
Class kotlinx.coroutines.internal.Symbol                                              : loaded 2 times (x 74B)
Class com.google.gson.internal.bind.ReflectiveTypeAdapterFactory$RecordAdapter        : loaded 2 times (x 79B)
Class jdk.internal.jimage.decompressor.ResourceDecompressorRepository                 : loaded 2 times (x 73B)
Class com.amazon.ion.impl.LocalSymbolTableAsStruct                                    : loaded 2 times (x 134B)
Class com.amazon.ion.impl.lite.IonTimestampLite                                       : loaded 2 times (x 195B)
Class org.jetbrains.plugins.gradle.model.FileCollectionDependency                     : loaded 2 times (x 72B)
Class io.opentelemetry.api.trace.SpanBuilder                                          : loaded 2 times (x 72B)
Class io.opentelemetry.api.DefaultOpenTelemetry                                       : loaded 2 times (x 91B)
Class com.intellij.gradle.toolingExtension.impl.model.utilDummyModel.DummyModel       : loaded 2 times (x 72B)
Class kotlin.text.StringsKt__RegexExtensionsKt                                        : loaded 2 times (x 73B)
Class kotlin.collections.EmptyIterator                                                : loaded 2 times (x 91B)
Class org.gradle.internal.time.Clock                                                  : loaded 2 times (x 72B)
Class org.gradle.tooling.model.BuildModel                                             : loaded 2 times (x 72B)
Class com.android.builder.model.v2.dsl.ProductFlavor                                  : loaded 2 times (x 72B)
Class [Lcom.android.builder.model.v2.ide.TestInfo$Execution;                          : loaded 2 times (x 71B)
Class com.google.gson.internal.reflect.ReflectionHelper$RecordNotSupportedHelper      : loaded 2 times (x 80B)
Class [Lorg.objectweb.asm.AnnotationWriter;                                           : loaded 2 times (x 71B)
Class com.google.gson.JsonIOException                                                 : loaded 2 times (x 84B)
Class com.google.common.collect.Maps$8                                                : loaded 2 times (x 84B)
Class jdk.internal.jimage.ImageReader$Directory                                       : loaded 2 times (x 86B)
Class com.amazon.ion.IonString                                                        : loaded 2 times (x 72B)
Class io.opentelemetry.context.propagation.TextMapPropagator                          : loaded 2 times (x 72B)
Class org.jetbrains.plugins.gradle.model.GradleSourceSetDependencyModel               : loaded 2 times (x 72B)
Class com.google.common.collect.CompoundOrdering                                      : loaded 2 times (x 117B)
Class kotlin.sequences.SequencesKt__SequencesJVMKt                                    : loaded 2 times (x 73B)
Class kotlin.coroutines.jvm.internal.RestrictedSuspendLambda                          : loaded 2 times (x 93B)
Class org.gradle.tooling.internal.adapter.TypeInspector                               : loaded 2 times (x 75B)
Class org.gradle.tooling.internal.adapter.ProtocolToModelAdapter$NoOpDecoration       : loaded 2 times (x 81B)
Class org.gradle.tooling.model.Element                                                : loaded 2 times (x 72B)
Class kotlin.collections.AbstractList                                                 : loaded 2 times (x 199B)
Class kotlin.collections.AbstractCollection                                           : loaded 2 times (x 119B)
Class com.google.common.collect.Lists$ReverseList$1                                   : loaded 2 times (x 101B)
Class com.google.common.collect.Sets$SetView                                          : loaded 2 times (x 141B)
Class org.jetbrains.kotlin.tooling.core.Extras                                        : loaded 2 times (x 72B)
Class com.google.common.cache.LocalCache$StrongValueReference                         : loaded 2 times (x 92B)
Class com.amazon.ion.BufferConfiguration                                              : loaded 2 times (x 74B)
Class com.amazon.ion.system.SimpleCatalog                                             : loaded 2 times (x 93B)
Class io.opentelemetry.context.ArrayBasedContext                                      : loaded 2 times (x 102B)
Class com.intellij.gradle.toolingExtension.impl.model.taskModel.GradleTaskSerialisationService: loaded 2 times (x 78B)
Class com.android.ide.gradle.model.LegacyV1AgpVersionModel                            : loaded 2 times (x 72B)
Class kotlin.text.StringsKt__StringBuilderJVMKt                                       : loaded 2 times (x 73B)
Class com.google.common.collect.ImmutableRangeSet$Builder                             : loaded 2 times (x 79B)
Class kotlin.text.Regex                                                               : loaded 2 times (x 74B)
Class kotlin.sequences.SequencesKt__SequenceBuilderKt$sequence$$inlined$Sequence$1    : loaded 2 times (x 77B)
Class kotlin.Triple                                                                   : loaded 2 times (x 74B)
Class com.google.common.graph.SuccessorsFunction                                      : loaded 2 times (x 72B)
Class [Lcom.google.gson.stream.JsonToken;                                             : loaded 2 times (x 71B)
Class org.objectweb.asm.Type                                                          : loaded 2 times (x 74B)
Class com.google.gson.LongSerializationPolicy$1                                       : loaded 2 times (x 82B)
Class org.jetbrains.plugins.gradle.tooling.util.IntObjectMap$1                        : loaded 2 times (x 79B)
Class org.gradle.tooling.model.internal.ImmutableDomainObjectSet                      : loaded 2 times (x 157B)
Class org.gradle.internal.classloader.VisitableURLClassLoader$InstrumentingVisitableURLClassLoader: loaded 2 times (x 124B)
Class com.google.common.io.Files$FileByteSink                                         : loaded 2 times (x 79B)
Class com.android.builder.model.v2.ide.AndroidGradlePluginProjectFlags                : loaded 2 times (x 72B)
Class [Lcom.android.builder.model.v2.ide.AndroidGradlePluginProjectFlags$BooleanFlag; : loaded 2 times (x 71B)
Class com.android.builder.model.v2.ide.BasicVariant                                   : loaded 2 times (x 72B)
Class kotlinx.coroutines.Job$DefaultImpls                                             : loaded 2 times (x 73B)
Class com.google.common.math.IntMath$1                                                : loaded 2 times (x 73B)
Class org.objectweb.asm.ByteVector                                                    : loaded 2 times (x 81B)
Class [Lcom.google.common.cache.CacheBuilder$NullListener;                            : loaded 2 times (x 71B)
Class com.google.gson.LongSerializationPolicy$2                                       : loaded 2 times (x 82B)
Class [Lcom.amazon.ion.impl.bin.IonRawBinaryWriter$StreamFlushMode;                   : loaded 2 times (x 71B)
Class com.amazon.ion.UnsupportedIonVersionException                                   : loaded 2 times (x 87B)
Class io.opentelemetry.api.trace.SpanId                                               : loaded 2 times (x 73B)
Class kotlin.comparisons.ComparisonsKt__ComparisonsKt                                 : loaded 2 times (x 73B)
Class kotlin.ranges.RangesKt__RangesKt                                                : loaded 2 times (x 73B)
Class kotlin.collections.SetsKt___SetsKt                                              : loaded 2 times (x 73B)
Class kotlin.sequences.SequencesKt__SequencesKt                                       : loaded 2 times (x 73B)
Class kotlin.coroutines.Continuation                                                  : loaded 2 times (x 72B)
Class org.gradle.internal.classloader.VisitableURLClassLoader$Spec                    : loaded 2 times (x 76B)
Class org.gradle.internal.classpath.DefaultClassPath                                  : loaded 2 times (x 92B)
Class com.android.builder.model.v2.ide.BundleInfo                                     : loaded 2 times (x 72B)
Class com.android.builder.model.v2.ide.SourceProvider                                 : loaded 2 times (x 72B)
Class org.objectweb.asm.Symbol                                                        : loaded 2 times (x 75B)
Class jdk.internal.jimage.decompressor.ZipDecompressorFactory                         : loaded 2 times (x 76B)
Class com.amazon.ion.impl.bin.IonManagedBinaryWriter$SymbolState                      : loaded 2 times (x 82B)
Class com.amazon.ion.IonStruct                                                        : loaded 2 times (x 72B)
Class org.jetbrains.plugins.gradle.model.GradleBuildScriptClasspathModel              : loaded 2 times (x 72B)
Class kotlin.sequences.FilteringSequence                                              : loaded 2 times (x 77B)
Class kotlin.text.CharsKt__CharJVMKt                                                  : loaded 2 times (x 73B)
Class kotlin.comparisons.ComparisonsKt                                                : loaded 2 times (x 73B)
Class kotlin.comparisons.ComparisonsKt___ComparisonsKt                                : loaded 2 times (x 73B)
Class kotlin.coroutines.jvm.internal.BaseContinuationImpl                             : loaded 2 times (x 89B)
Class kotlin.Result$Companion                                                         : loaded 2 times (x 73B)
Class org.gradle.util.internal.DefaultGradleVersion                                   : loaded 2 times (x 84B)
Class kotlinx.coroutines.TimeoutCancellationException                                 : loaded 2 times (x 87B)
Class kotlinx.coroutines.internal.ListClosed                                          : loaded 2 times (x 76B)
Class kotlinx.coroutines.CompletableJob                                               : loaded 2 times (x 72B)
Class kotlin.sequences.SequencesKt__SequenceBuilderKt                                 : loaded 2 times (x 73B)
Class kotlin.io.FilesKt__FileTreeWalkKt                                               : loaded 2 times (x 73B)
Class com.google.gson.reflect.TypeToken                                               : loaded 2 times (x 77B)
Class com.google.common.collect.RegularImmutableMap$Values                            : loaded 2 times (x 209B)
Class kotlin.jvm.internal.CollectionToArray                                           : loaded 2 times (x 73B)
Class [Lio.opentelemetry.context.ThreadLocalContextStorage;                           : loaded 2 times (x 71B)
Class org.gradle.internal.classloader.ClassLoaderSpec                                 : loaded 2 times (x 73B)
Class kotlinx.coroutines.DebugStringsKt                                               : loaded 2 times (x 73B)
Class org.objectweb.asm.AnnotationWriter                                              : loaded 2 times (x 80B)
Class com.google.common.cache.CacheStats                                              : loaded 2 times (x 73B)
Class com.google.gson.internal.sql.SqlTimestampTypeAdapter$1                          : loaded 2 times (x 77B)
Class com.google.gson.JsonPrimitive                                                   : loaded 2 times (x 95B)
Class com.amazon.ion.impl.IonWriterSystemTextMarkup                                   : loaded 2 times (x 193B)
Class com.amazon.ion.impl.bin.BlockAllocator                                          : loaded 2 times (x 82B)
Class kotlin.jvm.internal.FunctionReferenceImpl                                       : loaded 2 times (x 128B)
Class kotlin.collections.CollectionsKt___CollectionsJvmKt                             : loaded 2 times (x 73B)
Class com.google.common.collect.ImmutableMultisetGwtSerializationDependencies         : loaded 2 times (x 127B)
Class com.google.common.io.LineProcessor                                              : loaded 2 times (x 72B)
Class [Lcom.google.gson.ReflectionAccessFilter$FilterResult;                          : loaded 2 times (x 71B)
Class kotlinx.coroutines.CoroutineStart$WhenMappings                                  : loaded 2 times (x 73B)
Class org.objectweb.asm.RecordComponentWriter                                         : loaded 2 times (x 79B)
Class [Lcom.android.builder.model.v2.ide.ProjectType;                                 : loaded 2 times (x 71B)
Class com.google.common.util.concurrent.AbstractFuture$Listener                       : loaded 2 times (x 74B)
Class kotlin.sequences.FilteringSequence$iterator$1                                   : loaded 2 times (x 81B)
Class com.google.gson.JsonElement                                                     : loaded 2 times (x 94B)
Class Settings_gradle$1$1                                                             : loaded 2 times (x 76B)
Class com.amazon.ion.system.IonWriterBuilderBase                                      : loaded 2 times (x 85B)
Class io.opentelemetry.api.trace.Tracer                                               : loaded 2 times (x 72B)
Class kotlin.TuplesKt                                                                 : loaded 2 times (x 73B)
Class kotlin.jvm.internal.markers.KMutableIterable                                    : loaded 2 times (x 72B)
Class kotlin.Unit                                                                     : loaded 2 times (x 73B)
Class kotlin.sequences.SequencesKt___SequencesJvmKt                                   : loaded 2 times (x 73B)
Class org.gradle.tooling.internal.adapter.ProtocolToModelAdapter$DefaultViewBuilder   : loaded 2 times (x 82B)
Class org.gradle.api.internal.classpath.Module$ModuleAlias                            : loaded 2 times (x 72B)
Class [Lcom.android.builder.model.v2.ide.AaptOptions$Namespacing;                     : loaded 2 times (x 71B)
Class org.objectweb.asm.Attribute                                                     : loaded 2 times (x 79B)
Class com.android.ide.common.gradle.Version$Companion$ParseState                      : loaded 2 times (x 72B)
Class com.google.common.base.Supplier                                                 : loaded 2 times (x 72B)
Class com.google.gson.internal.bind.CollectionTypeAdapterFactory                      : loaded 2 times (x 77B)
Class io.opentelemetry.api.trace.ArrayBasedTraceState                                 : loaded 2 times (x 88B)
Class io.opentelemetry.context.ContextKey                                             : loaded 2 times (x 72B)
Class io.opentelemetry.context.propagation.TextMapSetter                              : loaded 2 times (x 72B)
Class kotlin.ranges.RangesKt                                                          : loaded 2 times (x 73B)
Class org.gradle.tooling.internal.adapter.ProtocolToModelAdapter$ViewGraphDetails$1   : loaded 2 times (x 79B)
Class org.gradle.internal.classloader.VisitableURLClassLoader                         : loaded 2 times (x 118B)
Class kotlinx.coroutines.flow.FlowCollector                                           : loaded 2 times (x 72B)
Class com.android.ide.common.repository.AgpVersion$Companion                          : loaded 2 times (x 73B)
Class Settings_gradle                                                                 : loaded 2 times (x 126B)
Class [Lcom.amazon.ion.SymbolTable;                                                   : loaded 2 times (x 71B)
Class com.amazon.ion.impl.bin.IonBinaryWriterAdapter$Factory                          : loaded 2 times (x 72B)
Class com.amazon.ion.impl.BlockedBuffer$BufferedOutputStream                          : loaded 2 times (x 92B)
Class org.jetbrains.plugins.gradle.tooling.serialization.ExternalTestsSerializationService$ReadContext: loaded 2 times (x 74B)
Class kotlin.sequences.FlatteningSequence$iterator$1                                  : loaded 2 times (x 81B)
Class kotlin.jvm.functions.Function0                                                  : loaded 2 times (x 72B)
Class kotlin.collections.ArraysUtilJVM                                                : loaded 2 times (x 73B)
Class com.intellij.gradle.toolingExtension.impl.model.sourceSetModel.GradleSourceSetSerialisationService$Companion: loaded 2 times (x 73B)
Class com.amazon.ion.impl._Private_IonValue                                           : loaded 2 times (x 72B)
Class org.gradle.tooling.model.eclipse.EclipseProject                                 : loaded 2 times (x 72B)
Class org.gradle.tooling.model.idea.IdeaDependency                                    : loaded 2 times (x 72B)
Class kotlinx.coroutines.NodeList                                                     : loaded 2 times (x 80B)
Class com.android.builder.model.v2.ide.AaptOptions                                    : loaded 2 times (x 72B)
Class [Lcom.android.builder.model.v2.ide.BytecodeTransformation;                      : loaded 2 times (x 71B)
Class kotlinx.coroutines.CompletedExceptionally                                       : loaded 2 times (x 74B)
Class kotlinx.coroutines.JobKt__JobKt                                                 : loaded 2 times (x 73B)
Class com.google.common.base.Strings                                                  : loaded 2 times (x 73B)
Class com.google.common.collect.Sets                                                  : loaded 2 times (x 73B)
Class org.objectweb.asm.Handler                                                       : loaded 2 times (x 74B)
Class com.android.ide.common.gradle.Version$Companion                                 : loaded 2 times (x 73B)
Class com.amazon.ion.impl.bin.IonManagedBinaryWriter$UserState$2                      : loaded 2 times (x 87B)
Class com.google.common.base.Ticker                                                   : loaded 2 times (x 74B)
Class com.google.gson.internal.bind.TreeTypeAdapter                                   : loaded 2 times (x 77B)
Class com.google.gson.internal.sql.SqlTimeTypeAdapter                                 : loaded 2 times (x 76B)
Class jdk.internal.jimage.decompressor.ZipDecompressor                                : loaded 2 times (x 77B)
Class com.amazon.ion.impl.bin.AbstractIonWriter$WriteValueOptimization                : loaded 2 times (x 81B)
Class kotlin.collections.AbstractMutableList                                          : loaded 2 times (x 208B)
Class kotlin.jvm.functions.Function1                                                  : loaded 2 times (x 72B)
Class com.android.builder.model.v2.models.ndk.NativeModelBuilderParameter             : loaded 2 times (x 72B)
Class [Lcom.google.common.cache.LocalCache$Segment;                                   : loaded 2 times (x 71B)
Class jdk.internal.jimage.BasicImageReader                                            : loaded 2 times (x 97B)
Class [Lcom.google.common.cache.LocalCache$Strength;                                  : loaded 2 times (x 71B)
Class com.google.common.cache.CacheBuilder$1                                          : loaded 2 times (x 87B)
Class com.google.gson.internal.bind.TypeAdapters$20                                   : loaded 2 times (x 77B)
Class com.google.common.collect.ImmutableMap                                          : loaded 2 times (x 122B)
Class com.amazon.ion.impl.bin.BlockAllocatorProvider                                  : loaded 2 times (x 74B)
Class io.opentelemetry.api.trace.ArrayBasedTraceStateBuilder                          : loaded 2 times (x 79B)
Class org.jetbrains.plugins.gradle.tooling.serialization.internal.IdeaProjectSerializationService$WriteContext: loaded 2 times (x 74B)
Class com.intellij.gradle.toolingExtension.impl.model.sourceSetDependencyModel.GradleSourceSetDependencySerialisationService: loaded 2 times (x 79B)
Class org.jetbrains.plugins.gradle.model.GradleSourceSetModel                         : loaded 2 times (x 72B)
Class kotlin.KotlinNothingValueException                                              : loaded 2 times (x 84B)
Class kotlin.jvm.functions.Function2                                                  : loaded 2 times (x 72B)
Class org.gradle.internal.classpath.DefaultClassPath$ImmutableUniqueList$Builder      : loaded 2 times (x 77B)
Class com.google.gson.stream.JsonToken                                                : loaded 2 times (x 81B)
Class kotlinx.coroutines.CoroutineStart                                               : loaded 2 times (x 81B)
Class kotlinx.coroutines.CoroutineScopeKt                                             : loaded 2 times (x 73B)
Class com.google.common.cache.LocalCache                                              : loaded 2 times (x 188B)
Class com.google.common.cache.CacheBuilder$2                                          : loaded 2 times (x 81B)
Class com.google.gson.internal.bind.TypeAdapters$21                                   : loaded 2 times (x 77B)
Class com.google.gson.FieldNamingPolicy$1                                             : loaded 2 times (x 85B)
Class com.amazon.ion.impl.lite.IonSequenceLite                                        : loaded 2 times (x 434B)
Class com.amazon.ion.impl._Private_Utils$1                                            : loaded 2 times (x 100B)
Class com.amazon.ion.impl.SymbolTableAsStruct                                         : loaded 2 times (x 72B)
Class io.opentelemetry.api.trace.TracerProvider                                       : loaded 2 times (x 72B)
Class com.android.ide.gradle.model.dependencies.Coordinates                           : loaded 2 times (x 72B)
Class com.google.common.collect.AbstractRangeSet                                      : loaded 2 times (x 116B)
Class kotlin.collections.MapsKt___MapsJvmKt                                           : loaded 2 times (x 73B)
Class org.gradle.tooling.internal.adapter.WeakIdentityHashMap$AbsentValueProvider     : loaded 2 times (x 72B)
Class kotlinx.coroutines.JobCancellationException                                     : loaded 2 times (x 87B)
Class org.jetbrains.kotlin.cli.common.arguments.K2JVMCompilerArguments                : loaded 2 times (x 77B)
Class kotlinx.coroutines.CoroutineId                                                  : loaded 2 times (x 95B)
Class com.google.common.collect.ArrayListMultimap                                     : loaded 2 times (x 173B)
Class com.google.common.cache.CacheBuilder$3                                          : loaded 2 times (x 74B)
Class com.google.gson.internal.bind.TypeAdapters$22                                   : loaded 2 times (x 77B)
Class com.google.gson.FieldNamingPolicy$2                                             : loaded 2 times (x 85B)
Class com.google.gson.internal.Excluder$1                                             : loaded 2 times (x 76B)
Class [Lcom.google.common.collect.AbstractMapEntry;                                   : loaded 2 times (x 71B)
Class com.google.common.collect.ImmutableEntry                                        : loaded 2 times (x 84B)
Class com.amazon.ion.impl.bin.AbstractIonWriter                                       : loaded 2 times (x 162B)
Class io.opentelemetry.api.trace.AutoValue_ArrayBasedTraceState                       : loaded 2 times (x 89B)
Class gnu.trove.TObjectHash                                                           : loaded 2 times (x 96B)
Class org.jetbrains.plugins.gradle.tooling.util.ObjectCollector$Processor             : loaded 2 times (x 72B)
Class kotlin.jvm.functions.Function4                                                  : loaded 2 times (x 72B)
Class kotlin.collections.EmptySet                                                     : loaded 2 times (x 124B)
Class kotlin.annotation.Target                                                        : loaded 2 times (x 72B)
Class kotlin.collections.CollectionsKt___CollectionsKt                                : loaded 2 times (x 73B)
Class kotlinx.coroutines.BuildersKt                                                   : loaded 2 times (x 73B)
Class org.gradle.internal.exceptions.NonGradleCauseExceptionsHolder                   : loaded 2 times (x 72B)
Class org.gradle.tooling.model.idea.IdeaModuleDependency                              : loaded 2 times (x 72B)
Class org.gradle.tooling.internal.adapter.ViewBuilder                                 : loaded 2 times (x 72B)
Class com.android.builder.model.v2.ide.AndroidLibraryData                             : loaded 2 times (x 72B)
Class com.android.builder.model.v2.ide.ApiVersion                                     : loaded 2 times (x 72B)
Class com.android.ide.common.gradle.Version                                           : loaded 2 times (x 77B)
Class com.google.gson.internal.bind.TypeAdapters$23                                   : loaded 2 times (x 77B)
Class com.google.gson.FieldNamingPolicy$3                                             : loaded 2 times (x 85B)
Class com.google.common.collect.CollectPreconditions                                  : loaded 2 times (x 73B)
Class jdk.internal.jimage.ImageStrings                                                : loaded 2 times (x 72B)
Class com.amazon.ion.system.IonReaderBuilder                                          : loaded 2 times (x 97B)
Class io.opentelemetry.api.trace.TraceState                                           : loaded 2 times (x 72B)
Class org.jetbrains.plugins.gradle.model.AnnotationProcessingConfig                   : loaded 2 times (x 72B)
Class com.amazon.ion.IonReader                                                        : loaded 2 times (x 72B)
Class gnu.trove.Equality                                                              : loaded 2 times (x 72B)
Class kotlin.text.StringsKt___StringsJvmKt                                            : loaded 2 times (x 73B)
Class kotlin.reflect.KDeclarationContainer                                            : loaded 2 times (x 72B)
Class kotlin.annotation.Retention                                                     : loaded 2 times (x 72B)
Class org.gradle.tooling.model.eclipse.HierarchicalEclipseProject                     : loaded 2 times (x 72B)
Class [Lcom.google.common.io.FileWriteMode;                                           : loaded 2 times (x 71B)
Class com.android.builder.model.v2.models.Versions$Version                            : loaded 2 times (x 72B)
Class kotlinx.coroutines.Unconfined                                                   : loaded 2 times (x 102B)
Class com.google.gson.internal.bind.TypeAdapters$24                                   : loaded 2 times (x 77B)
Class com.google.gson.FieldNamingPolicy$4                                             : loaded 2 times (x 85B)
Class com.google.common.collect.SortedMapDifference                                   : loaded 2 times (x 72B)
Class com.amazon.ion.IonClob                                                          : loaded 2 times (x 72B)
Class io.opentelemetry.context.LazyStorage                                            : loaded 2 times (x 73B)
Class org.jetbrains.plugins.gradle.tooling.ModelBuilderService$Parameter              : loaded 2 times (x 72B)
Class kotlin.io.FilesKt                                                               : loaded 2 times (x 73B)
Class kotlin.collections.MapsKt___MapsKt                                              : loaded 2 times (x 73B)
Class kotlin.collections.ArraysKt___ArraysKt                                          : loaded 2 times (x 73B)
Class kotlinx.coroutines.internal.Segment                                             : loaded 2 times (x 77B)
Class com.google.common.io.Files                                                      : loaded 2 times (x 73B)
Class org.jetbrains.kotlin.cli.common.arguments.CommonCompilerArguments               : loaded 2 times (x 76B)
Class kotlinx.coroutines.AbstractCoroutine                                            : loaded 2 times (x 145B)
Class com.google.common.cache.LocalCache$WriteThroughEntry                            : loaded 2 times (x 81B)
Class com.google.common.cache.LocalCache$HashIterator                                 : loaded 2 times (x 88B)
Class com.google.common.cache.LocalCache$EntryFactory                                 : loaded 2 times (x 85B)
Class com.google.gson.internal.bind.TypeAdapters$25                                   : loaded 2 times (x 77B)
Class com.google.gson.FieldNamingPolicy$5                                             : loaded 2 times (x 85B)
Class com.amazon.ion.impl.lite.IonLobLite                                             : loaded 2 times (x 187B)
Class com.amazon.ion.impl.lite.IonTextLite                                            : loaded 2 times (x 184B)
Class com.amazon.ion.IonNumber                                                        : loaded 2 times (x 72B)
Class gnu.trove.TObjectHashingStrategy                                                : loaded 2 times (x 72B)
Class kotlin.collections.MapsKt__MapWithDefaultKt                                     : loaded 2 times (x 73B)
Class org.gradle.tooling.internal.adapter.ProtocolToModelAdapter$ReflectionMethodInvoker: loaded 2 times (x 78B)
Class org.jetbrains.kotlin.cli.common.arguments.CommonCompilerArgumentsConfigurator   : loaded 2 times (x 76B)
Class kotlinx.coroutines.CancellableContinuation                                      : loaded 2 times (x 72B)
Class [Lcom.android.ide.common.gradle.Separator;                                      : loaded 2 times (x 71B)
Class org.jetbrains.kotlin.tooling.core.HasMutableExtras                              : loaded 2 times (x 72B)
Class com.google.common.cache.LocalCache$AbstractReferenceEntry                       : loaded 2 times (x 109B)
Class com.google.gson.internal.bind.ArrayTypeAdapter                                  : loaded 2 times (x 76B)
Class com.google.gson.internal.bind.TypeAdapters$26                                   : loaded 2 times (x 77B)
Class com.google.gson.FieldNamingPolicy$6                                             : loaded 2 times (x 85B)
Class [Lcom.amazon.ion.impl.bin.IonManagedBinaryWriter$UserState;                     : loaded 2 times (x 71B)
Class com.amazon.ion.impl.bin.utf8.Utf8StringEncoder                                  : loaded 2 times (x 82B)
Class com.amazon.ion.IonBool                                                          : loaded 2 times (x 72B)
Class kotlin.text.StringsKt___StringsKt                                               : loaded 2 times (x 73B)
Class com.google.common.collect.NullsLastOrdering                                     : loaded 2 times (x 117B)
Class kotlin.collections.CollectionsKt__MutableCollectionsJVMKt                       : loaded 2 times (x 73B)
Class kotlinx.coroutines.internal.ThreadContextKt                                     : loaded 2 times (x 73B)
Class kotlin.enums.EnumEntriesKt                                                      : loaded 2 times (x 73B)
Class com.google.gson.internal.reflect.ReflectionHelper                               : loaded 2 times (x 73B)
Class com.android.builder.model.v2.models.VariantDependencies                         : loaded 2 times (x 72B)
Class org.objectweb.asm.SymbolTable                                                   : loaded 2 times (x 74B)
Class com.google.common.io.FileWriteMode                                              : loaded 2 times (x 81B)
Class com.google.common.cache.CacheLoader$InvalidCacheLoadException                   : loaded 2 times (x 84B)
Class com.google.gson.internal.bind.TypeAdapters$27                                   : loaded 2 times (x 77B)
Class com.google.gson.FieldNamingPolicy$7                                             : loaded 2 times (x 85B)
Class com.amazon.ion.IonLoader                                                        : loaded 2 times (x 72B)
Class io.opentelemetry.context.propagation.NoopTextMapPropagator                      : loaded 2 times (x 78B)
Class com.intellij.gradle.toolingExtension.model.repositoryModel.ProjectRepositoriesModel: loaded 2 times (x 72B)
Class org.jetbrains.plugins.gradle.model.GradleProperty                               : loaded 2 times (x 72B)
Class gnu.trove.TObjectCanonicalHashingStrategy                                       : loaded 2 times (x 80B)
Class sync_studio_tooling18412_5w29c888a8fl1v9h8ewjiq69k$_run_closure1                : loaded 2 times (x 140B)
Class com.google.common.collect.ImmutableRangeSet$ComplementRanges                    : loaded 2 times (x 209B)
Class com.android.builder.model.v2.ide.TestedTargetVariant                            : loaded 2 times (x 72B)
Class kotlinx.coroutines.internal.LockFreeLinkedListNode                              : loaded 2 times (x 76B)
Class com.google.common.cache.LocalCache$StrongEntry                                  : loaded 2 times (x 110B)
Class com.google.common.util.concurrent.AbstractFuture$TrustedFuture                  : loaded 2 times (x 116B)
Class com.google.common.cache.LoadingCache                                            : loaded 2 times (x 72B)
Class [Lcom.google.gson.LongSerializationPolicy;                                      : loaded 2 times (x 71B)
Class com.amazon.ion.impl._Private_Utils                                              : loaded 2 times (x 73B)
Class kotlin.ranges.IntRange$Companion                                                : loaded 2 times (x 73B)
Class kotlin.text.MatcherMatchResult$groups$1                                         : loaded 2 times (x 153B)
Class kotlin.collections.EmptyMap                                                     : loaded 2 times (x 110B)
Class kotlin.reflect.KAnnotatedElement                                                : loaded 2 times (x 72B)
Class kotlin.jvm.internal.markers.KMutableCollection                                  : loaded 2 times (x 72B)
Class kotlin.coroutines.intrinsics.IntrinsicsKt                                       : loaded 2 times (x 73B)
Class org.gradle.internal.exceptions.MultiCauseException                              : loaded 2 times (x 72B)
Class org.gradle.internal.time.CountdownTimer                                         : loaded 2 times (x 72B)
Class kotlin.jvm.internal.Intrinsics                                                  : loaded 2 times (x 73B)
Class com.google.common.io.ByteStreams$LimitedInputStream                             : loaded 2 times (x 94B)
Class kotlinx.coroutines.Active                                                       : loaded 2 times (x 73B)
Class org.objectweb.asm.MethodWriter                                                  : loaded 2 times (x 107B)
Class [Lcom.google.common.cache.Weigher;                                              : loaded 2 times (x 71B)
Class com.google.gson.internal.bind.MapTypeAdapterFactory                             : loaded 2 times (x 77B)
Class com.google.gson.internal.bind.TypeAdapters$29                                   : loaded 2 times (x 77B)
Class com.google.gson.JsonNull                                                        : loaded 2 times (x 94B)
Class com.google.common.collect.RegularImmutableMap$BucketOverflowException           : loaded 2 times (x 84B)
Class jdk.internal.jrtfs.JrtFileSystem                                                : loaded 2 times (x 104B)
Class io.opentelemetry.api.trace.Span                                                 : loaded 2 times (x 72B)
Class com.intellij.gradle.toolingExtension.impl.model.projectModel.GradleExternalProjectSerializationService$ReadContext: loaded 2 times (x 75B)
Class com.intellij.gradle.toolingExtension.impl.model.dependencyModel.DependencyWriteContext: loaded 2 times (x 74B)
Class kotlin.collections.MapsKt                                                       : loaded 2 times (x 73B)
Class kotlin.coroutines.intrinsics.CoroutineSingletons                                : loaded 2 times (x 81B)
Class kotlin.collections.CollectionsKt__IterablesKt                                   : loaded 2 times (x 73B)
Class org.gradle.tooling.model.ProjectModel                                           : loaded 2 times (x 72B)
Class org.gradle.tooling.model.gradle.GradleBuild                                     : loaded 2 times (x 72B)
Class com.google.common.collect.ImmutableMultimap$1                                   : loaded 2 times (x 84B)
Class kotlinx.coroutines.internal.LockFreeTaskQueueCore$Companion                     : loaded 2 times (x 73B)
Class com.android.ide.common.gradle.Version$Companion$ParseState$EMPTY                : loaded 2 times (x 76B)
Class jdk.internal.jimage.decompressor.CompressedResourceHeader                       : loaded 2 times (x 73B)
Class org.jetbrains.plugins.gradle.model.GradleConfiguration                          : loaded 2 times (x 72B)
Class com.amazon.ion.impl.bin.utf8.Utf8StringEncoderPool                              : loaded 2 times (x 76B)
Class com.amazon.ion.impl._Private_IonSystem                                          : loaded 2 times (x 72B)
Class com.amazon.ion.BufferConfiguration$OversizedValueHandler                        : loaded 2 times (x 72B)
Class kotlin.ranges.OpenEndRange                                                      : loaded 2 times (x 72B)
Class kotlin.sequences.SequenceBuilderIterator                                        : loaded 2 times (x 87B)
Class kotlin.KotlinNullPointerException                                               : loaded 2 times (x 84B)
Class com.google.common.collect.ImmutableMultimap$2                                   : loaded 2 times (x 83B)
Class com.android.ide.common.repository.AgpVersion$Companion$WhenMappings             : loaded 2 times (x 73B)
Class com.google.common.collect.RegularImmutableBiMap                                 : loaded 2 times (x 150B)
Class org.gradle.internal.classloader.FilteringClassLoader                            : loaded 2 times (x 106B)
Class kotlin.NotImplementedError                                                      : loaded 2 times (x 84B)
Class com.google.common.cache.LocalCache$ValueReference                               : loaded 2 times (x 72B)
Class com.google.gson.internal.bind.DefaultDateTypeAdapter$DateType$1                 : loaded 2 times (x 75B)
Class com.amazon.ion.IonDecimal                                                       : loaded 2 times (x 72B)
Class io.opentelemetry.api.OpenTelemetry                                              : loaded 2 times (x 72B)
Class org.jetbrains.plugins.gradle.model.tests.ExternalTestsModel                     : loaded 2 times (x 72B)
Class kotlin.ranges.RangesKt___RangesKt                                               : loaded 2 times (x 73B)
Class org.gradle.tooling.model.idea.IdeaLanguageLevel                                 : loaded 2 times (x 72B)
Class org.gradle.tooling.internal.adapter.ProtocolToModelAdapter$SafeMethodInvoker    : loaded 2 times (x 78B)
Class org.gradle.tooling.internal.adapter.WeakIdentityHashMap$WeakKey                 : loaded 2 times (x 82B)
Class org.gradle.internal.exceptions.DefaultMultiCauseException                       : loaded 2 times (x 97B)
Class com.google.common.hash.PrimitiveSink                                            : loaded 2 times (x 72B)
Class com.android.builder.model.v2.ide.ProjectInfo                                    : loaded 2 times (x 72B)
Class org.jetbrains.kotlin.cli.common.arguments.CommonToolArguments                   : loaded 2 times (x 75B)
Class com.google.common.base.PatternCompiler                                          : loaded 2 times (x 72B)
Class com.google.common.util.concurrent.AbstractFuture$Failure                        : loaded 2 times (x 74B)
Class com.google.common.base.Equivalence$Equals                                       : loaded 2 times (x 84B)
Class com.google.gson.internal.LazilyParsedNumber                                     : loaded 2 times (x 80B)
Class com.google.common.collect.Hashing                                               : loaded 2 times (x 73B)
Class kotlin.sequences.FlatteningSequence                                             : loaded 2 times (x 77B)
Class com.amazon.ion.impl.bin.IonRawBinaryWriter$StreamCloseMode                      : loaded 2 times (x 81B)
Class com.amazon.ion.impl._Private_IonBinaryWriterBuilder$Mutable                     : loaded 2 times (x 117B)
Class io.opentelemetry.api.trace.PropagatedSpan                                       : loaded 2 times (x 114B)
Class com.intellij.gradle.toolingExtension.impl.model.projectModel.GradleExternalProjectSerializationService: loaded 2 times (x 79B)
Class kotlin.text.CharsKt__CharKt                                                     : loaded 2 times (x 73B)
Class kotlin.collections.ArrayDeque$Companion                                         : loaded 2 times (x 73B)
Class kotlin.collections.ArraysKt                                                     : loaded 2 times (x 73B)
Class org.gradle.tooling.model.HierarchicalElement                                    : loaded 2 times (x 72B)
Class com.google.common.io.CharSink                                                   : loaded 2 times (x 81B)
Class com.android.builder.model.v2.dsl.DependenciesInfo                               : loaded 2 times (x 72B)
Class kotlinx.coroutines.BuildersKt__Builders_commonKt                                : loaded 2 times (x 73B)
Class kotlin.text.MatcherMatchResult                                                  : loaded 2 times (x 82B)
Class org.objectweb.asm.Label                                                         : loaded 2 times (x 75B)
Class org.objectweb.asm.CurrentFrame                                                  : loaded 2 times (x 75B)
Class org.objectweb.asm.ClassTooLargeException                                        : loaded 2 times (x 84B)
Class kotlin.text.MatchGroupCollection                                                : loaded 2 times (x 72B)
Class kotlin.text.StringsKt__StringsKt                                                : loaded 2 times (x 73B)
Class com.android.ide.gradle.model.dependencies.DeclaredDependencies                  : loaded 2 times (x 72B)
Class com.amazon.ion.impl.bin.IonRawBinaryWriter$PatchPoint                           : loaded 2 times (x 74B)
Class com.amazon.ion.IonBlob                                                          : loaded 2 times (x 72B)
Class com.amazon.ion.IonLob                                                           : loaded 2 times (x 72B)
Class com.amazon.ion.IonSequence                                                      : loaded 2 times (x 72B)
Class io.opentelemetry.api.trace.TraceFlags                                           : loaded 2 times (x 72B)
Class org.jetbrains.plugins.gradle.tooling.serialization.ExternalTestsSerializationService: loaded 2 times (x 79B)
Class com.google.common.collect.ByFunctionOrdering                                    : loaded 2 times (x 117B)
Class kotlin.collections.SetsKt__SetsKt                                               : loaded 2 times (x 73B)
Class kotlin.coroutines.EmptyCoroutineContext                                         : loaded 2 times (x 79B)
Class org.gradle.internal.time.Time                                                   : loaded 2 times (x 73B)
Class com.google.gson.internal.reflect.ReflectionHelper$RecordSupportedHelper         : loaded 2 times (x 80B)
Class com.android.builder.model.v2.models.ProjectGraph                                : loaded 2 times (x 72B)
Class org.jetbrains.plugins.gradle.tooling.serialization.internal.IdeaProjectSerializationService$ReadContext: loaded 2 times (x 74B)
Class org.objectweb.asm.Frame                                                         : loaded 2 times (x 75B)
Class org.objectweb.asm.MethodVisitor                                                 : loaded 2 times (x 107B)
Class com.android.ide.common.gradle.Version$Companion$ParseState$NUMERIC              : loaded 2 times (x 76B)
Class com.amazon.ion.impl.bin.IonManagedBinaryWriter$UserState$1                      : loaded 2 times (x 87B)
Class com.google.common.collect.RegularImmutableMap$KeySet                            : loaded 2 times (x 154B)
Class com.google.common.cache.LocalCache$EntryFactory$1                               : loaded 2 times (x 85B)
Class [Lcom.google.common.cache.RemovalListener;                                      : loaded 2 times (x 71B)
Class kotlinx.coroutines.flow.SharedFlow                                              : loaded 2 times (x 72B)
Class com.android.ide.common.repository.AgpVersion$PreviewKind                        : loaded 2 times (x 81B)
Class com.amazon.ion.system.IonTextWriterBuilder                                      : loaded 2 times (x 99B)
Class com.amazon.ion.impl.bin.IonManagedBinaryWriter$ImportedSymbolResolverMode$1$1$1 : loaded 2 times (x 78B)
Class com.amazon.ion.impl._Private_LocalSymbolTableFactory                            : loaded 2 times (x 72B)
Class org.jetbrains.plugins.gradle.tooling.serialization.AnnotationProcessingModelSerializationService: loaded 2 times (x 79B)
Class kotlin.collections.ArraysKt__ArraysJVMKt                                        : loaded 2 times (x 73B)
Class com.google.common.cache.LocalCache$EntryFactory$2                               : loaded 2 times (x 85B)
Class com.google.gson.internal.bind.JsonAdapterAnnotationTypeAdapterFactory           : loaded 2 times (x 77B)
Class com.amazon.ion.impl.lite.IonNullLite                                            : loaded 2 times (x 178B)
Class org.jetbrains.plugins.gradle.model.DependencyAccessorsModel                     : loaded 2 times (x 72B)
Class [Lcom.intellij.openapi.externalSystem.model.project.dependencies.ResolutionState;: loaded 2 times (x 71B)
Class gnu.trove.TObjectIntHashMap                                                     : loaded 2 times (x 111B)
Class kotlin.text.StringsKt__StringBuilderKt                                          : loaded 2 times (x 73B)
Class com.google.common.collect.RangeSet                                              : loaded 2 times (x 72B)
Class kotlin.jvm.internal.CallableReference$NoReceiver                                : loaded 2 times (x 73B)
Class org.objectweb.asm.ModuleWriter                                                  : loaded 2 times (x 83B)
Class com.google.common.cache.LocalCache$EntryFactory$3                               : loaded 2 times (x 85B)
Class com.google.common.base.Ticker$1                                                 : loaded 2 times (x 74B)
Class com.google.gson.internal.bind.NumberTypeAdapter                                 : loaded 2 times (x 76B)
Class com.google.common.collect.Maps$BiMapConverter                                   : loaded 2 times (x 92B)
Class com.google.common.collect.ImmutableMapEntrySet$RegularEntrySet                  : loaded 2 times (x 154B)
Class com.amazon.ion.impl.lite.IonClobLite                                            : loaded 2 times (x 223B)
Class com.amazon.ion.impl._Private_ValueFactory                                       : loaded 2 times (x 72B)
Class com.amazon.ion.impl.bin.IonRawBinaryWriter$PreallocationMode$1                  : loaded 2 times (x 83B)
Class [Lcom.amazon.ion.impl.bin._Private_IonManagedBinaryWriterBuilder$AllocatorMode; : loaded 2 times (x 71B)
Class org.jetbrains.kotlin.idea.gradleTooling.KotlinMPPGradleModel                    : loaded 2 times (x 72B)
Class io.opentelemetry.context.propagation.ContextPropagators                         : loaded 2 times (x 72B)
Class com.intellij.gradle.toolingExtension.impl.model.dependencyDownloadPolicyModel.GradleDependencyDownloadPolicy: loaded 2 times (x 72B)
Class org.gradle.tooling.model.BuildIdentifier                                        : loaded 2 times (x 72B)
Class kotlin.NoWhenBranchMatchedException                                             : loaded 2 times (x 84B)
Class com.android.builder.model.v2.ide.VectorDrawablesOptions                         : loaded 2 times (x 72B)
Class kotlinx.coroutines.Incomplete                                                   : loaded 2 times (x 72B)
Class com.google.common.collect.ImmutableSet$Builder                                  : loaded 2 times (x 87B)
Class com.google.gson.internal.bind.ObjectTypeAdapter$1                               : loaded 2 times (x 78B)
Class com.google.common.cache.LocalCache$EntryFactory$4                               : loaded 2 times (x 85B)
Class com.google.gson.ToNumberPolicy$1                                                : loaded 2 times (x 85B)
Class [Lcom.google.gson.FieldNamingStrategy;                                          : loaded 2 times (x 71B)
Class com.google.gson.internal.Excluder                                               : loaded 2 times (x 77B)
Class com.amazon.ion.IonInt                                                           : loaded 2 times (x 72B)
Class com.amazon.ion.impl.bin.IonRawBinaryWriter$PreallocationMode$2                  : loaded 2 times (x 83B)
Class org.jetbrains.kotlin.idea.gradleTooling.PrepareKotlinIdeImportTaskModel         : loaded 2 times (x 72B)
Class org.gradle.tooling.model.BuildableElement                                       : loaded 2 times (x 72B)
Class org.gradle.tooling.model.HasGradleProject                                       : loaded 2 times (x 72B)
Class com.android.builder.model.v2.ide.Edge                                           : loaded 2 times (x 72B)
Class com.google.common.io.ByteStreams$1                                              : loaded 2 times (x 87B)
Class com.google.gson.internal.ReflectionAccessFilterHelper                           : loaded 2 times (x 73B)
Class com.google.gson.internal.reflect.ReflectionHelper$RecordHelper                  : loaded 2 times (x 77B)
Class com.android.builder.model.v2.models.VariantDependenciesFlatList                 : loaded 2 times (x 72B)
Class kotlinx.coroutines.AbstractTimeSourceKt                                         : loaded 2 times (x 73B)
Class com.google.common.cache.LocalCache$EntryFactory$5                               : loaded 2 times (x 85B)
Class com.google.gson.ToNumberPolicy$2                                                : loaded 2 times (x 85B)
Class com.amazon.ion.impl.bin.IonRawBinaryWriter$PreallocationMode$3                  : loaded 2 times (x 83B)
Class com.android.ide.gradle.model.GradlePluginModel                                  : loaded 2 times (x 72B)
Class com.google.common.collect.ReverseOrdering                                       : loaded 2 times (x 117B)
Class org.gradle.tooling.model.build.JavaEnvironment                                  : loaded 2 times (x 72B)
Class com.google.common.base.Equivalence$Identity                                     : loaded 2 times (x 84B)
Class com.android.builder.model.v2.ide.SourceSetContainer                             : loaded 2 times (x 72B)
Class com.google.gson.internal.bind.ReflectiveTypeAdapterFactory$FieldsData           : loaded 2 times (x 74B)
Class com.google.common.cache.LocalCache$EntryFactory$6                               : loaded 2 times (x 85B)
Class com.google.gson.ToNumberPolicy$3                                                : loaded 2 times (x 85B)
Class org.jetbrains.plugins.gradle.model.GradleExtension                              : loaded 2 times (x 72B)
Class com.amazon.ion.impl.lite.IonDecimalLite                                         : loaded 2 times (x 191B)
Class com.amazon.ion.IonBufferConfiguration$Builder                                   : loaded 2 times (x 80B)
Class org.gradle.internal.time.Timer                                                  : loaded 2 times (x 72B)
Class kotlin.jvm.internal.markers.KMappedMarker                                       : loaded 2 times (x 72B)
Class org.gradle.internal.installation.CurrentGradleInstallationLocator               : loaded 2 times (x 73B)
Class com.google.common.collect.ImmutableMultimap$Builder                             : loaded 2 times (x 88B)
Class com.android.builder.model.v2.ide.LintOptions                                    : loaded 2 times (x 72B)
Class kotlinx.coroutines.Empty                                                        : loaded 2 times (x 77B)
Class com.google.common.collect.Maps$KeySet                                           : loaded 2 times (x 139B)
Class com.google.common.collect.ImmutableSet$EmptySetBuilderImpl                      : loaded 2 times (x 78B)
Class com.google.common.cache.LocalCache$EntryFactory$7                               : loaded 2 times (x 85B)
Class com.google.gson.ToNumberPolicy$4                                                : loaded 2 times (x 85B)
Class com.google.common.base.PairwiseEquivalence                                      : loaded 2 times (x 85B)
Class [Lcom.amazon.ion.impl.bin.IonRawBinaryWriter$ContainerType;                     : loaded 2 times (x 71B)
Class kotlin.coroutines.jvm.internal.SpillingKt                                       : loaded 2 times (x 73B)
Class org.gradle.tooling.internal.adapter.ProtocolToModelAdapter$ViewGraphDetails     : loaded 2 times (x 74B)
Class org.gradle.tooling.model.idea.IdeaProject                                       : loaded 2 times (x 72B)
Class org.gradle.tooling.model.DomainObjectSet                                        : loaded 2 times (x 72B)
Class org.gradle.internal.service.DefaultServiceLocator                               : loaded 2 times (x 85B)
Class com.google.common.collect.ImmutableMultimap$EntryCollection                     : loaded 2 times (x 130B)
Class com.android.builder.model.v2.ide.BasicArtifact                                  : loaded 2 times (x 72B)
Class org.jetbrains.kotlin.util.capitalizeDecapitalize.CapitalizeDecapitalizeKt       : loaded 2 times (x 73B)
Class kotlinx.coroutines.internal.ResizableAtomicArray                                : loaded 2 times (x 74B)
Class com.google.common.cache.LocalCache$EntryFactory$8                               : loaded 2 times (x 85B)
Class com.google.gson.internal.sql.SqlTypesSupport                                    : loaded 2 times (x 73B)
Class com.google.gson.Gson                                                            : loaded 2 times (x 74B)
Class com.amazon.ion.impl.bin.utf8.Utf8StringEncoder$Result                           : loaded 2 times (x 76B)
Class com.amazon.ion.impl.bin.utf8.Pool$Allocator                                     : loaded 2 times (x 72B)
Class com.amazon.ion.IonText                                                          : loaded 2 times (x 72B)
Class com.amazon.ion.impl.SymbolTokenImpl                                             : loaded 2 times (x 83B)
Class com.amazon.ion.SubstituteSymbolTableException                                   : loaded 2 times (x 86B)
Class io.opentelemetry.api.trace.SpanContextKey                                       : loaded 2 times (x 73B)
Class kotlin.coroutines.jvm.internal.SuspendFunction                                  : loaded 2 times (x 72B)
Class org.gradle.util.GradleVersion                                                   : loaded 2 times (x 83B)
Class org.gradle.internal.installation.CurrentGradleInstallation                      : loaded 2 times (x 75B)
Class kotlinx.coroutines.scheduling.Task                                              : loaded 2 times (x 77B)
Class com.google.gson.Gson$FutureTypeAdapter                                          : loaded 2 times (x 78B)
Class com.google.common.cache.CacheLoader$1                                           : loaded 2 times (x 77B)
Class com.google.common.collect.ForwardingObject                                      : loaded 2 times (x 74B)
Class com.google.gson.Gson$1                                                          : loaded 2 times (x 78B)
Class com.amazon.ion.impl.bin.IonManagedBinaryWriter$ImportDescriptor                 : loaded 2 times (x 78B)
Class com.amazon.ion.SymbolTable                                                      : loaded 2 times (x 72B)
Class org.jetbrains.plugins.gradle.javaModel.JavaGradleManifestModel                  : loaded 2 times (x 72B)
Class org.jetbrains.plugins.gradle.tooling.serialization.GradleExtensionsSerializationService$WriteContext: loaded 2 times (x 74B)
Class com.intellij.gradle.toolingExtension.impl.model.taskModel.GradleTaskSerialisationService$Companion: loaded 2 times (x 73B)
Class ijInit1_cic62ntwne8guj8evp317izki                                               : loaded 2 times (x 173B)
Class kotlin.jvm.internal.Ref$BooleanRef                                              : loaded 2 times (x 73B)
Class kotlin.jvm.internal.StringCompanionObject                                       : loaded 2 times (x 73B)
Class kotlin.coroutines.intrinsics.IntrinsicsKt__IntrinsicsJvmKt                      : loaded 2 times (x 73B)
Class kotlin.coroutines.jvm.internal.CoroutineStackFrame                              : loaded 2 times (x 72B)
Class org.gradle.tooling.internal.adapter.ProtocolToModelAdapter$MethodInvocationCache$MethodInvocationKey: loaded 2 times (x 75B)
Class org.gradle.tooling.model.gradle.ProjectPublications                             : loaded 2 times (x 72B)
Class org.gradle.util.internal.GUtil                                                  : loaded 2 times (x 73B)
Class com.google.common.io.ByteSource                                                 : loaded 2 times (x 86B)
Class kotlinx.coroutines.NotCompleted                                                 : loaded 2 times (x 72B)
Class kotlinx.coroutines.internal.LockFreeTaskQueue                                   : loaded 2 times (x 74B)
Class kotlinx.coroutines.scheduling.DefaultScheduler                                  : loaded 2 times (x 110B)
Class kotlinx.coroutines.Dispatchers                                                  : loaded 2 times (x 73B)
Class com.android.utils.StringHelper                                                  : loaded 2 times (x 73B)
Class com.google.common.cache.AbstractCache$StatsCounter                              : loaded 2 times (x 72B)
Class com.google.gson.Gson$2                                                          : loaded 2 times (x 78B)
Class [Lcom.amazon.ion.impl.bin.IonManagedBinaryWriter$SymbolState;                   : loaded 2 times (x 71B)
Class com.amazon.ion.impl._Private_IonWriterBase                                      : loaded 2 times (x 164B)
Class com.amazon.ion.system.IonSystemBuilder                                          : loaded 2 times (x 77B)
Class com.amazon.ion.IonCatalog                                                       : loaded 2 times (x 72B)
Class io.opentelemetry.api.trace.TraceId                                              : loaded 2 times (x 73B)
Class com.intellij.gradle.toolingExtension.impl.model.utilTurnOffDefaultTasksModel.TurnOffDefaultTasks: loaded 2 times (x 72B)
Class com.intellij.gradle.toolingExtension.impl.model.sourceSetModel.GradleSourceSetSerialisationService$SourceSetModelReadContext: loaded 2 times (x 74B)
Class kotlin.io.NoSuchFileException                                                   : loaded 2 times (x 84B)
Class kotlin.collections.CollectionsKt                                                : loaded 2 times (x 73B)
Class com.android.builder.model.v2.dsl.BuildType                                      : loaded 2 times (x 72B)
Class kotlinx.coroutines.intrinsics.CancellableKt                                     : loaded 2 times (x 73B)
Class com.intellij.gradle.toolingExtension.impl.model.sourceSetDependencyModel.GradleSourceSetDependencySerialisationService$SourceSetDependencyModelWriteContext: loaded 2 times (x 74B)
Class com.android.builder.model.v2.ide.ViewBindingOptions                             : loaded 2 times (x 72B)
Class com.google.gson.internal.bind.ReflectiveTypeAdapterFactory$BoundField           : loaded 2 times (x 77B)
Class com.google.gson.Gson$3                                                          : loaded 2 times (x 77B)
Class io.opentelemetry.api.internal.ImmutableSpanContext                              : loaded 2 times (x 93B)
Class com.intellij.gradle.toolingExtension.impl.model.sourceSetModel.GradleSourceSetSerialisationService$SourceSetModelWriteContext: loaded 2 times (x 74B)
Class kotlin.ranges.IntProgressionIterator                                            : loaded 2 times (x 84B)
Class kotlin.coroutines.CoroutineContext                                              : loaded 2 times (x 72B)
Class kotlin.coroutines.jvm.internal.DebugProbesKt                                    : loaded 2 times (x 73B)
Class org.gradle.tooling.internal.adapter.WeakIdentityHashMap                         : loaded 2 times (x 78B)
Class org.gradle.tooling.GradleConnectionException                                    : loaded 2 times (x 85B)
Class org.gradle.tooling.internal.adapter.ProtocolToModelAdapter$1                    : loaded 2 times (x 77B)
Class org.gradle.tooling.internal.adapter.ProtocolToModelAdapter$ViewDecoration       : loaded 2 times (x 72B)
Class org.gradle.internal.installation.GradleInstallation                             : loaded 2 times (x 77B)
Class com.google.common.collect.Iterables                                             : loaded 2 times (x 73B)
Class com.google.gson.internal.bind.DefaultDateTypeAdapter$1                          : loaded 2 times (x 77B)
Class com.google.gson.Gson$4                                                          : loaded 2 times (x 78B)
Class com.google.gson.internal.ConstructorConstructor                                 : loaded 2 times (x 74B)
Class jdk.internal.jimage.decompressor.ResourceDecompressor$StringsProvider           : loaded 2 times (x 72B)
Class com.amazon.ion.impl.lite.ContainerlessContext                                   : loaded 2 times (x 82B)
Class io.opentelemetry.api.trace.DefaultTracer                                        : loaded 2 times (x 76B)
Class org.jetbrains.plugins.gradle.tooling.serialization.GradleExtensionsSerializationService$ReadContext: loaded 2 times (x 74B)
Class com.google.common.collect.LexicographicalOrdering                               : loaded 2 times (x 117B)
Class org.gradle.tooling.internal.adapter.MethodInvoker                               : loaded 2 times (x 72B)
Class com.google.gson.ReflectionAccessFilter$FilterResult                             : loaded 2 times (x 81B)
Class kotlinx.coroutines.JobSupportKt                                                 : loaded 2 times (x 73B)
Class kotlinx.coroutines.ExecutorCoroutineDispatcher$Key                              : loaded 2 times (x 74B)
Class com.google.common.collect.Lists$RandomAccessReverseList                         : loaded 2 times (x 202B)
Class com.android.ide.common.gradle.Part                                              : loaded 2 times (x 79B)
Class com.google.gson.Gson$5                                                          : loaded 2 times (x 78B)
Class gnu.trove.PrimeFinder                                                           : loaded 2 times (x 73B)
Class com.amazon.ion.UnexpectedEofException                                           : loaded 2 times (x 86B)
Class com.amazon.ion.IonSexp                                                          : loaded 2 times (x 72B)
Class com.amazon.ion.ReadOnlyValueException                                           : loaded 2 times (x 86B)
Class com.amazon.ion.impl._Private_LocalSymbolTable                                   : loaded 2 times (x 72B)
Class com.amazon.ion.BufferConfiguration$DataHandler                                  : loaded 2 times (x 72B)
Class com.amazon.ion.impl._Private_IonBinaryWriterBuilder                             : loaded 2 times (x 117B)
Class org.jetbrains.plugins.gradle.tooling.serialization.RepositoriesModelSerializationService$WriteContext: loaded 2 times (x 74B)
Class com.android.ide.gradle.model.LegacyAndroidGradlePluginProperties                : loaded 2 times (x 72B)
Class sync_studio_tooling18412_5w29c888a8fl1v9h8ewjiq69k                              : loaded 2 times (x 173B)
Class kotlin.ranges.IntProgression                                                    : loaded 2 times (x 83B)
Class kotlin.jvm.KotlinReflectionNotSupportedError                                    : loaded 2 times (x 84B)
Class org.gradle.tooling.model.gradle.GradleScript                                    : loaded 2 times (x 72B)

---------------  S Y S T E M  ---------------

OS:
 Windows 11 , 64 bit Build 26100 (10.0.26100.9168)
OS uptime: 1 days 23:41 hours

CPU: total 4 (initial active 4) (4 cores per cpu, 2 threads per core) family 23 model 24 stepping 1 microcode 0x8108109, cx8, cmov, fxsr, ht, mmx, 3dnowpref, sse, sse2, sse3, ssse3, sse4a, sse4.1, sse4.2, popcnt, lzcnt, tsc, tscinvbit, avx, avx2, aes, clmul, bmi1, bmi2, adx, sha, fma, vzeroupper, clflush, clflushopt, rdtscp, f16c
Processor Information for the first 4 processors :
  Max Mhz: 2600, Current Mhz: 2600, Mhz Limit: 2600

Memory: 4k page, system-wide physical 3503M (158M free)
TotalPageFile size 13743M (AvailPageFile size 17M)
current process WorkingSet (physical memory assigned to process): 451M, peak: 597M
current process commit charge ("private bytes"): 812M, peak: 823M

vm_info: OpenJDK 64-Bit Server VM (25.0.3+-15898627-b508.16) for windows-amd64 JRE (25.0.3+-15898627-b508.16), built on 2026-07-20T17:54:23Z with MS VC++ 16.10 / 16.11 (VS2019)

END.
